id,name,primary_type,secondary_type,total,hp,attack,defense,special_atk,special_def,speed,generation,legendary,first_pokemon,second_pokemon,winner,total_wins,total_fights,win_percentage,count
1,Bulbasaur,Grass,Poison,318,45,49,49,65,65,45,1,False,TornadusIncarnate Forme,Virizion,Virizion,37.0,133.0,0.2781954887218045,1
2,Ivysaur,Grass,Poison,405,60,62,63,80,80,60,1,False,Natu,Litwick,Litwick,46.0,121.0,0.38016528925619836,1
3,Venusaur,Grass,Poison,525,80,82,83,100,100,80,1,False,Magcargo,Golett,Golett,89.0,132.0,0.6742424242424242,1
4,Charmander,Fire,None,309,39,52,43,60,50,65,1,False,Kabuto,Heracross,Kabuto,70.0,125.0,0.56,1
5,Charmeleon,Fire,None,405,58,64,58,80,65,80,1,False,Galvantula,Spritzee,Galvantula,55.0,112.0,0.49107142857142855,1
6,Charizard,Fire,Flying,534,78,84,78,109,85,100,1,False,Xatu,Electabuzz,Electabuzz,64.0,118.0,0.5423728813559322,1
7,Squirtle,Water,None,314,44,48,65,50,64,43,1,False,Machoke,545,545,115.0,133.0,0.8646616541353384,1
8,Wartortle,Water,None,405,59,63,80,65,80,58,1,False,Forretress,Clawitzer,Clawitzer,119.0,139.0,0.8561151079136691,1
9,Blastoise,Water,None,530,79,83,100,85,105,78,1,False,Pelipper,Raichu,Raichu,114.0,135.0,0.8444444444444444,1
10,Caterpie,Bug,None,195,45,30,35,20,20,45,1,False,Staravia,Starmie,Starmie,19.0,117.0,0.1623931623931624,1
11,Metapod,Bug,None,205,50,20,55,25,25,30,1,False,Virizion,Cofagrigus,Virizion,59.0,141.0,0.41843971631205673,1
12,Butterfree,Bug,Flying,395,60,45,50,90,80,70,1,False,Butterfree,283,283,,,,1
13,Weedle,Bug,Poison,195,40,35,30,20,20,50,1,False,Kabuto,87,Kabuto,83.0,144.0,0.5763888888888888,1
14,Kakuna,Bug,Poison,205,45,25,50,25,25,35,1,False,Lugia,Combee,Lugia,17.0,115.0,0.14782608695652175,1
15,Beedrill,Bug,Poison,395,65,90,40,45,80,75,1,False,Clawitzer,Shinx,Shinx,13.0,133.0,0.09774436090225563,1
16,Pidgey,Normal,Flying,251,40,45,40,35,35,56,1,False,Ditto,Entei,Entei,75.0,120.0,0.625,1
17,Pidgeotto,Normal,Flying,349,63,60,55,50,50,71,1,False,Altaria,Corsola,Corsola,26.0,111.0,0.23423423423423423,1
18,Pidgeot,Normal,Flying,479,83,80,75,70,70,101,1,False,Hippopotas,Goomy,Hippopotas,17.0,130.0,0.13076923076923078,1
19,Rattata,Normal,None,253,30,56,35,25,35,72,1,False,Patrat,Pidove,Patrat,80.0,128.0,0.625,1
20,Raticate,Normal,None,413,55,81,60,50,70,97,1,False,Empoleon,Bouffalant,Bouffalant,115.0,119.0,0.9663865546218487,1
21,Spearow,Normal,Flying,262,40,60,30,31,31,70,1,False,Corphish,Starly,Starly,47.0,126.0,0.373015873015873,1
22,Fearow,Normal,Flying,442,65,90,65,61,61,100,1,False,Jellicent,Axew,Axew,64.0,121.0,0.5289256198347108,1
23,Ekans,Poison,None,288,35,60,44,40,54,55,1,False,Chansey,Torkoal,Chansey,112.0,130.0,0.8615384615384616,1
24,Arbok,Poison,None,438,60,85,69,65,79,80,1,False,Lilligant,Karrablast,Karrablast,119.0,126.0,0.9444444444444444,1
25,Pikachu,Electric,None,320,35,55,40,50,50,90,1,False,Ho-oh,LandorusIncarnate Forme,Ho-oh,65.0,135.0,0.48148148148148145,1
26,Raichu,Electric,None,485,60,90,55,90,80,110,1,False,460,Purrloin,Purrloin,101.0,140.0,0.7214285714285714,1
27,Sandshrew,Ground,None,300,50,75,85,20,30,40,1,False,Carracosta,Tyrantrum,Tyrantrum,62.0,138.0,0.4492753623188406,1
28,Sandslash,Ground,None,450,75,100,110,45,55,65,1,False,Magikarp,Budew,Magikarp,103.0,123.0,0.8373983739837398,1
29,Nidoran♀,Poison,None,275,55,47,52,40,40,41,1,False,Deino,747,Deino,48.0,131.0,0.366412213740458,1
30,Nidorina,Poison,None,365,70,62,67,55,55,56,1,False,Shieldon,Darkrai,Darkrai,72.0,125.0,0.576,1
31,Nidoqueen,Poison,Ground,505,90,92,87,75,85,76,1,False,Spinarak,Wingull,Wingull,93.0,136.0,0.6838235294117647,1
32,Nidoran♂,Poison,None,273,46,57,40,40,40,50,1,False,Yanma,Chinchou,Chinchou,105.0,121.0,0.8677685950413223,1
33,Nidorino,Poison,None,365,61,72,57,55,55,65,1,False,536,Altaria,536,,,,1
34,Nidoking,Poison,Ground,505,81,102,77,85,75,85,1,False,Miltank,Feebas,Feebas,56.0,105.0,0.5333333333333333,1
35,Clefairy,Fairy,None,323,70,45,48,60,65,35,1,False,Ambipom,Lugia,Lugia,20.0,119.0,0.16806722689075632,1
36,Clefable,Fairy,None,483,95,70,73,95,90,60,1,False,Scrafty,Linoone,Linoone,57.0,148.0,0.38513513513513514,1
37,Vulpix,Fire,None,299,38,41,40,50,65,65,1,False,Bagon,Electabuzz,Bagon,66.0,122.0,0.5409836065573771,1
38,Ninetales,Fire,None,505,73,76,75,81,100,100,1,False,Timburr,Croagunk,Croagunk,34.0,136.0,0.25,1
39,Jigglypuff,Normal,Fairy,270,115,45,20,45,25,20,1,False,Watchog,Octillery,Octillery,51.0,128.0,0.3984375,1
40,Wigglytuff,Normal,Fairy,435,140,70,45,85,50,45,1,False,Tranquill,Octillery,Octillery,79.0,140.0,0.5642857142857143,1
41,Zubat,Poison,Flying,245,40,45,35,30,40,55,1,False,Sudowoodo,Quilladin,Sudowoodo,20.0,127.0,0.15748031496062992,1
42,Golbat,Poison,Flying,455,75,80,70,65,75,90,1,False,Claydol,Magmar,Claydol,49.0,123.0,0.3983739837398374,1
43,Oddish,Grass,Poison,320,45,50,55,75,65,30,1,False,Weepinbell,Starly,Starly,53.0,129.0,0.4108527131782946,1
44,Gloom,Grass,Poison,395,60,65,70,85,75,40,1,False,Beheeyem,Vanilluxe,Vanilluxe,103.0,127.0,0.8110236220472441,1
45,Vileplume,Grass,Poison,490,75,80,85,110,90,50,1,False,Lopunny,Walrein,Lopunny,15.0,130.0,0.11538461538461539,1
46,Paras,Bug,Grass,285,35,70,55,45,55,25,1,False,3,Flabébé,Flabébé,,,,1
47,Parasect,Bug,Grass,405,60,95,80,60,80,30,1,False,Chimchar,Wigglytuff,Chimchar,55.0,145.0,0.3793103448275862,1
48,Venonat,Bug,Poison,305,60,55,50,40,55,45,1,False,Heracross,Jolteon,Jolteon,97.0,128.0,0.7578125,1
49,Venomoth,Bug,Poison,450,70,65,60,90,75,90,1,False,Abomasnow,MeloettaAria Forme,MeloettaAria Forme,9.0,143.0,0.06293706293706294,1
50,Diglett,Ground,None,265,10,55,25,35,45,95,1,False,Bastiodon,Miltank,Miltank,28.0,129.0,0.21705426356589147,1
51,Dugtrio,Ground,None,405,35,80,50,50,70,120,1,False,164,751,751,44.0,124.0,0.3548387096774194,1
52,Meowth,Normal,None,290,40,45,35,40,40,90,1,False,424,Swirlix,424,13.0,138.0,0.09420289855072464,1
53,Persian,Normal,None,440,65,70,60,65,65,115,1,False,Elekid,Trevenant,Elekid,30.0,154.0,0.19480519480519481,1
54,Psyduck,Water,None,320,50,52,48,65,50,55,1,False,Vibrava,Yanma,Yanma,32.0,143.0,0.22377622377622378,1
55,Golduck,Water,None,500,80,82,78,95,80,85,1,False,Delphox,Deerling,Deerling,92.0,140.0,0.6571428571428571,1
56,Mankey,Fighting,None,305,40,80,35,35,45,70,1,False,Kecleon,533,533,68.0,126.0,0.5396825396825397,1
57,Primeape,Fighting,None,455,65,105,60,60,70,95,1,False,Vivillon,Haxorus,Haxorus,108.0,128.0,0.84375,1
58,Growlithe,Fire,None,350,55,70,45,70,50,60,1,False,141,Fennekin,141,91.0,140.0,0.65,1
59,Arcanine,Fire,None,555,90,110,80,100,80,95,1,False,Mantine,Gogoat,Mantine,103.0,120.0,0.8583333333333333,1
60,Poliwag,Water,None,300,40,50,40,40,40,90,1,False,Snover,Wobbuffet,Snover,47.0,142.0,0.33098591549295775,1
61,Poliwhirl,Water,None,385,65,65,65,50,50,90,1,False,Minccino,Jigglypuff,Minccino,79.0,115.0,0.6869565217391305,1
62,Poliwrath,Water,Fighting,510,90,95,95,70,90,70,1,False,Tympole,Quilladin,Tympole,55.0,118.0,0.4661016949152542,1
63,Abra,Psychic,None,310,25,20,15,105,55,90,1,False,Cottonee,Clefairy,Cottonee,85.0,108.0,0.7870370370370371,1
64,Kadabra,Psychic,None,400,40,35,30,120,70,105,1,False,Seviper,Throh,Seviper,54.0,120.0,0.45,1
65,Alakazam,Psychic,None,500,55,50,45,135,95,120,1,False,MeowsticMale,Boldore,MeowsticMale,91.0,114.0,0.7982456140350878,1
66,Machop,Fighting,None,305,70,80,50,35,35,35,1,False,Wailmer,Cleffa,Wailmer,,,,1
67,Machoke,Fighting,None,405,80,100,70,50,60,45,1,False,Ralts,Marill,Ralts,90.0,125.0,0.72,1
68,Machamp,Fighting,None,505,90,130,80,65,85,55,1,False,Cyndaquil,Virizion,Virizion,68.0,130.0,0.5230769230769231,1
69,Bellsprout,Grass,Poison,300,50,75,35,70,30,40,1,False,Liepard,Hitmonchan,Hitmonchan,35.0,108.0,0.32407407407407407,1
70,Weepinbell,Grass,Poison,390,65,90,50,85,45,55,1,False,Heracross,Totodile,Totodile,87.0,130.0,0.6692307692307692,1
71,Victreebel,Grass,Poison,490,80,105,65,100,70,70,1,False,71,Empoleon,71,108.0,140.0,0.7714285714285715,1
72,Tentacool,Water,Poison,335,40,40,35,50,100,70,1,False,Ferrothorn,Basculin,Basculin,86.0,110.0,0.7818181818181819,1
73,Tentacruel,Water,Poison,515,80,70,65,80,120,100,1,False,Pansage,Tepig,Tepig,21.0,150.0,0.14,1
74,Geodude,Rock,Ground,300,40,80,100,30,30,20,1,False,712,Clefairy,712,32.0,124.0,0.25806451612903225,1
75,Graveler,Rock,Ground,390,55,95,115,45,45,35,1,False,Budew,Numel,Budew,51.0,116.0,0.4396551724137931,1
76,Golem,Rock,Ground,495,80,120,130,55,65,45,1,False,Klang,Grimer,Grimer,23.0,108.0,0.21296296296296297,1
77,Ponyta,Fire,None,410,50,85,55,65,65,90,1,False,Dialga,Charmander,Dialga,45.0,121.0,0.371900826446281,1
78,Rapidash,Fire,None,500,65,100,70,80,80,105,1,False,Starmie,Exploud,Starmie,,,,1
79,Slowpoke,Water,Psychic,315,90,65,65,40,40,15,1,False,Horsea,418,418,79.0,157.0,0.5031847133757962,1
80,Slowbro,Water,Psychic,490,95,75,110,100,80,30,1,False,Shroomish,Torchic,Torchic,94.0,117.0,0.8034188034188035,1
81,Magnemite,Electric,Steel,325,25,35,70,95,55,45,1,False,Tranquill,Krokorok,Krokorok,16.0,135.0,0.11851851851851852,1
82,Magneton,Electric,Steel,465,50,60,95,120,70,70,1,False,716,Geodude,Geodude,29.0,137.0,0.2116788321167883,1
83,Farfetch'd,Normal,Flying,352,52,65,55,58,62,60,1,False,Stunky,535,535,50.0,135.0,0.37037037037037035,1
84,Doduo,Normal,Flying,310,35,85,45,35,35,75,1,False,Claydol,Nidoran♂,Nidoran♂,86.0,115.0,0.7478260869565218,1
85,Dodrio,Normal,Flying,460,60,110,70,60,60,100,1,False,Charizard,Mawile,Mawile,91.0,105.0,0.8666666666666667,1
86,Seel,Water,None,325,65,45,55,45,70,45,1,False,Illumise,Dratini,Dratini,24.0,122.0,0.19672131147540983,1
87,Dewgong,Water,Ice,475,90,70,80,70,95,70,1,False,Snover,Panpour,Panpour,20.0,131.0,0.15267175572519084,1
88,Grimer,Poison,None,325,80,80,50,40,50,25,1,False,Cresselia,Froslass,Cresselia,16.0,116.0,0.13793103448275862,1
89,Muk,Poison,None,500,105,105,75,65,100,50,1,False,Bonsly,229,229,24.0,143.0,0.16783216783216784,1
90,Shellder,Water,None,305,30,65,100,45,25,40,1,False,Bisharp,Murkrow,Murkrow,,,,1
91,Cloyster,Water,Ice,525,50,95,180,85,45,70,1,False,Kirlia,Banette,Banette,52.0,116.0,0.4482758620689655,1
92,Gastly,Ghost,Poison,310,30,35,30,100,35,80,1,False,Lickilicky,Scatterbug,Scatterbug,87.0,134.0,0.6492537313432836,1
93,Haunter,Ghost,Poison,405,45,50,45,115,55,95,1,False,Dragonite,Malamar,Dragonite,121.0,143.0,0.8461538461538461,1
94,Gengar,Ghost,Poison,500,60,65,60,130,75,110,1,False,Omastar,Larvitar,Larvitar,29.0,119.0,0.24369747899159663,1
95,Onix,Rock,Ground,385,35,45,160,30,45,70,1,False,Monferno,Virizion,Virizion,68.0,131.0,0.5190839694656488,1
96,Drowzee,Psychic,None,328,60,48,45,43,90,42,1,False,Dunsparce,Larvitar,Larvitar,25.0,142.0,0.176056338028169,1
97,Hypno,Psychic,None,483,85,73,70,73,115,67,1,False,Monferno,Venipede,Venipede,50.0,133.0,0.37593984962406013,1
98,Krabby,Water,None,325,30,105,90,25,25,50,1,False,Octillery,Altaria,Octillery,21.0,111.0,0.1891891891891892,1
99,Kingler,Water,None,475,55,130,115,50,50,75,1,False,Xerneas,Donphan,Xerneas,71.0,134.0,0.5298507462686567,1
100,Voltorb,Electric,None,330,40,30,50,55,55,100,1,False,Whimsicott,Ludicolo,Whimsicott,61.0,128.0,0.4765625,1
101,Electrode,Electric,None,480,60,50,70,80,80,140,1,False,Prinplup,Wooper,Wooper,77.0,111.0,0.6936936936936937,1
102,Exeggcute,Grass,Psychic,325,60,40,80,60,45,40,1,False,Galvantula,Vibrava,Galvantula,88.0,114.0,0.7719298245614035,1
103,Exeggutor,Grass,Psychic,520,95,95,85,125,65,55,1,False,Monferno,Clefairy,Clefairy,113.0,131.0,0.8625954198473282,1
104,Cubone,Ground,None,320,50,50,95,40,50,35,1,False,Delcatty,Salamence,Salamence,65.0,135.0,0.48148148148148145,1
105,Marowak,Ground,None,425,60,80,110,50,80,45,1,False,Drifloon,Magneton,Drifloon,30.0,137.0,0.21897810218978103,1
106,Hitmonlee,Fighting,None,455,50,120,53,35,110,87,1,False,71,Klefki,71,61.0,119.0,0.5126050420168067,1
107,Hitmonchan,Fighting,None,455,50,105,79,35,110,76,1,False,Golbat,DarmanitanStandard Mode,Golbat,38.0,137.0,0.2773722627737226,1
108,Lickitung,Normal,None,385,90,55,75,60,75,30,1,False,Charmeleon,Chandelure,Charmeleon,67.0,112.0,0.5982142857142857,1
109,Koffing,Poison,None,340,40,65,95,60,45,35,1,False,Yveltal,Nincada,Nincada,66.0,113.0,0.584070796460177,1
110,Weezing,Poison,None,490,65,90,120,85,70,60,1,False,Ampharos,Mothim,Ampharos,109.0,129.0,0.8449612403100775,1
111,Rhyhorn,Ground,Rock,345,80,85,95,30,30,25,1,False,Garchomp,Purrloin,Garchomp,32.0,136.0,0.23529411764705882,1
112,Rhydon,Ground,Rock,485,105,130,120,45,45,40,1,False,Walrein,Minun,Minun,37.0,95.0,0.3894736842105263,1
113,Chansey,Normal,None,450,250,5,5,35,105,50,1,False,Growlithe,Nuzleaf,Growlithe,29.0,143.0,0.20279720279720279,1
114,Tangela,Grass,None,435,65,55,115,100,40,60,1,False,Palkia,Kricketot,Palkia,34.0,120.0,0.2833333333333333,1
115,Kangaskhan,Normal,None,490,105,95,80,40,80,90,1,False,141,Kabutops,141,82.0,128.0,0.640625,1
116,Horsea,Water,None,295,30,40,70,70,25,60,1,False,Venomoth,Hitmonchan,Hitmonchan,87.0,140.0,0.6214285714285714,1
117,Seadra,Water,None,440,55,65,95,95,45,85,1,False,Cradily,Dragonite,Dragonite,19.0,136.0,0.13970588235294118,1
118,Goldeen,Water,None,320,45,67,60,35,50,63,1,False,224,Shedinja,Shedinja,20.0,143.0,0.13986013986013987,1
119,Seaking,Water,None,450,80,92,65,65,80,68,1,False,Slakoth,Spheal,Spheal,56.0,129.0,0.43410852713178294,1
120,Staryu,Water,None,340,30,45,55,70,55,85,1,False,Shiftry,Nidorina,Shiftry,34.0,119.0,0.2857142857142857,1
121,Starmie,Water,Psychic,520,60,75,85,100,85,115,1,False,Spoink,Scyther,Spoink,48.0,108.0,0.4444444444444444,1
122,Mr. Mime,Psychic,Fairy,460,40,45,65,100,120,90,1,False,Onix,Solrock,Onix,15.0,98.0,0.15306122448979592,1
123,Scyther,Bug,Flying,500,70,110,80,55,80,105,1,False,Croagunk,Cranidos,Croagunk,49.0,129.0,0.3798449612403101,1
124,Jynx,Ice,Psychic,455,65,50,35,115,95,95,1,False,Sewaddle,Throh,Sewaddle,95.0,126.0,0.753968253968254,1
125,Electabuzz,Electric,None,490,65,83,57,95,85,105,1,False,Bibarel,Wigglytuff,Bibarel,107.0,128.0,0.8359375,1
126,Magmar,Fire,None,495,65,95,57,100,85,93,1,False,Vibrava,Manaphy,Manaphy,55.0,133.0,0.41353383458646614,1
127,Pinsir,Bug,None,500,65,125,100,55,70,85,1,False,Ralts,Jynx,Jynx,78.0,118.0,0.6610169491525424,1
128,Tauros,Normal,None,490,75,100,95,40,70,110,1,False,Paras,Lairon,Paras,60.0,117.0,0.5128205128205128,1
129,Magikarp,Water,None,200,20,10,55,15,20,80,1,False,Typhlosion,Emboar,Typhlosion,55.0,114.0,0.4824561403508772,1
130,Gyarados,Water,Flying,540,95,125,79,60,100,81,1,False,Binacle,Staryu,Binacle,80.0,142.0,0.5633802816901409,1
131,Lapras,Water,Ice,535,130,85,80,85,95,60,1,False,Charizard,Tyrogue,Charizard,116.0,129.0,0.8992248062015504,1
132,Ditto,Normal,None,288,48,48,48,48,48,48,1,False,Volcarona,154,154,76.0,136.0,0.5588235294117647,1
133,Eevee,Normal,None,325,55,55,50,45,65,55,1,False,Dodrio,Gible,Gible,124.0,141.0,0.8794326241134752,1
134,Vaporeon,Water,None,525,130,65,60,110,95,65,1,False,Feebas,Machoke,Feebas,99.0,135.0,0.7333333333333333,1
135,Jolteon,Electric,None,525,65,65,60,110,95,130,1,False,354,Celebi,Celebi,115.0,129.0,0.8914728682170543,1
136,Flareon,Fire,None,525,65,130,60,95,110,65,1,False,Pineco,Gloom,Pineco,96.0,129.0,0.7441860465116279,1
137,Porygon,Normal,None,395,65,60,70,85,75,40,1,False,Pyroar,Mantine,Mantine,81.0,124.0,0.6532258064516129,1
138,Omanyte,Rock,Water,355,35,40,100,90,55,35,1,False,Golett,Skarmory,Skarmory,105.0,121.0,0.8677685950413223,1
139,Omastar,Rock,Water,495,70,60,125,115,70,55,1,False,533,Roserade,533,102.0,117.0,0.8717948717948718,1
140,Kabuto,Rock,Water,355,30,80,90,55,45,55,1,False,Sudowoodo,Drilbur,Drilbur,25.0,139.0,0.17985611510791366,1
141,Kabutops,Rock,Water,495,60,115,105,65,70,80,1,False,Gorebyss,Gothorita,Gorebyss,82.0,133.0,0.6165413533834586,1
142,Aerodactyl,Rock,Flying,515,80,105,65,60,75,130,1,False,Dugtrio,Dewott,Dewott,93.0,137.0,0.6788321167883211,1
143,Snorlax,Normal,None,540,160,110,65,65,110,30,1,False,Venomoth,Rhyhorn,Rhyhorn,61.0,139.0,0.43884892086330934,1
144,Articuno,Ice,Flying,580,90,85,100,95,125,85,1,True,Trubbish,141,Trubbish,,,,1
145,Zapdos,Electric,Flying,580,90,90,85,125,90,100,1,True,Phione,Trevenant,Phione,37.0,99.0,0.37373737373737376,1
146,Moltres,Fire,Flying,580,90,100,90,125,85,90,1,True,Armaldo,Phione,Phione,69.0,132.0,0.5227272727272727,1
147,Dratini,Dragon,None,300,41,64,45,50,50,50,1,False,Shelgon,Surskit,Surskit,124.0,134.0,0.9253731343283582,1
148,Dragonair,Dragon,None,420,61,84,65,70,70,70,1,False,Aerodactyl,Emboar,Aerodactyl,70.0,132.0,0.5303030303030303,1
149,Dragonite,Dragon,Flying,600,91,134,95,100,100,80,1,False,306,268,306,23.0,128.0,0.1796875,1
150,Mewtwo,Psychic,None,680,106,110,90,154,90,130,1,True,Magneton,Milotic,Magneton,23.0,128.0,0.1796875,1
151,Mew,Psychic,None,600,100,100,100,100,100,100,1,False,Venomoth,Sandshrew,Sandshrew,49.0,138.0,0.35507246376811596,1
152,Chikorita,Grass,None,318,45,49,65,49,65,45,2,False,Totodile,Espurr,Espurr,61.0,142.0,0.4295774647887324,1
153,Bayleef,Grass,None,405,60,62,80,63,80,60,2,False,Weedle,Exeggcute,Exeggcute,79.0,110.0,0.7181818181818181,1
154,Meganium,Grass,None,525,80,82,100,83,100,80,2,False,Uxie,Vivillon,Uxie,136.0,141.0,0.9645390070921985,1
155,Cyndaquil,Fire,None,309,39,52,43,60,50,65,2,False,Blaziken,Dewgong,Blaziken,127.0,129.0,0.9844961240310077,1
156,Quilava,Fire,None,405,58,64,58,80,65,80,2,False,Volbeat,Vanillite,Vanillite,40.0,112.0,0.35714285714285715,1
157,Typhlosion,Fire,None,534,78,84,78,109,85,100,2,False,Chimchar,Mew,Mew,95.0,139.0,0.6834532374100719,1
158,Totodile,Water,None,314,50,65,64,44,48,43,2,False,Solosis,Mandibuzz,Mandibuzz,93.0,121.0,0.768595041322314,1
159,Croconaw,Water,None,405,65,80,80,59,63,58,2,False,Vivillon,Chespin,Chespin,100.0,136.0,0.7352941176470589,1
160,Feraligatr,Water,None,530,85,105,100,79,83,78,2,False,Shiftry,781,Shiftry,43.0,117.0,0.36752136752136755,1
161,Sentret,Normal,None,215,35,46,34,35,45,20,2,False,Vulpix,Marowak,Vulpix,58.0,116.0,0.5,1
162,Furret,Normal,None,415,85,76,64,45,55,90,2,False,Shellder,Shedinja,Shellder,87.0,138.0,0.6304347826086957,1
163,Hoothoot,Normal,Flying,262,60,30,30,36,56,50,2,False,Registeel,397,397,152.0,164.0,0.926829268292683,1
164,Noctowl,Normal,Flying,442,100,50,50,76,96,70,2,False,Skuntank,Walrein,Skuntank,125.0,135.0,0.9259259259259259,1
165,Ledyba,Bug,Flying,265,40,20,30,40,80,55,2,False,275,Snorlax,Snorlax,119.0,125.0,0.952,1
166,Ledian,Bug,Flying,390,55,35,50,55,110,85,2,False,154,Mothim,154,94.0,113.0,0.831858407079646,1
167,Spinarak,Bug,Poison,250,40,60,40,40,40,30,2,False,Shroomish,Charmander,Charmander,33.0,120.0,0.275,1
168,Ariados,Bug,Poison,390,70,90,70,60,60,40,2,False,Azelf,Pikachu,Pikachu,49.0,113.0,0.4336283185840708,1
169,Crobat,Poison,Flying,535,85,90,80,70,80,130,2,False,545,Pupitar,545,88.0,129.0,0.6821705426356589,1
170,Chinchou,Water,Electric,330,75,38,38,56,56,67,2,False,283,Plusle,Plusle,61.0,121.0,0.5041322314049587,1
171,Lanturn,Water,Electric,460,125,58,58,76,76,67,2,False,232,Smeargle,Smeargle,92.0,151.0,0.609271523178808,1
172,Pichu,Electric,None,205,20,40,15,35,35,60,2,False,Kecleon,Jirachi,Jirachi,100.0,116.0,0.8620689655172413,1
173,Cleffa,Fairy,None,218,50,25,28,45,55,15,2,False,Dragonite,781,Dragonite,29.0,132.0,0.2196969696969697,1
174,Igglybuff,Normal,Fairy,210,90,30,15,40,20,15,2,False,Riolu,420,Riolu,60.0,136.0,0.4411764705882353,1
175,Togepi,Fairy,None,245,35,20,65,40,65,20,2,False,268,Dratini,Dratini,81.0,138.0,0.5869565217391305,1
176,Togetic,Fairy,Flying,405,55,40,85,80,105,40,2,False,Drifblim,Gurdurr,Drifblim,9.0,125.0,0.072,1
177,Natu,Psychic,Flying,320,40,50,45,70,45,70,2,False,ShayminLand Forme,Lopunny,ShayminLand Forme,93.0,138.0,0.6739130434782609,1
178,Xatu,Psychic,Flying,470,65,75,70,95,70,95,2,False,Azumarill,785,785,36.0,111.0,0.32432432432432434,1
179,Mareep,Electric,None,280,55,40,40,65,45,35,2,False,Shuppet,Scatterbug,Scatterbug,68.0,136.0,0.5,1
180,Flaaffy,Electric,None,365,70,55,55,80,60,45,2,False,Happiny,196,Happiny,28.0,123.0,0.22764227642276422,1
181,Ampharos,Electric,None,510,90,75,85,115,90,55,2,False,Pikachu,Swoobat,Pikachu,86.0,137.0,0.6277372262773723,1
182,Bellossom,Grass,None,490,75,80,95,90,100,50,2,False,Nidoqueen,494,494,13.0,137.0,0.0948905109489051,1
183,Marill,Water,Fairy,250,70,20,50,20,50,40,2,False,Magnezone,Chinchou,Chinchou,,,,1
184,Azumarill,Water,Fairy,420,100,50,80,60,80,50,2,False,Staryu,Krabby,Staryu,113.0,122.0,0.9262295081967213,1
185,Sudowoodo,Rock,None,410,70,100,115,30,65,30,2,False,Charizard,Whirlipede,Charizard,60.0,114.0,0.5263157894736842,1
186,Politoed,Water,None,500,90,75,75,90,100,70,2,False,137,Ninjask,137,66.0,128.0,0.515625,1
187,Hoppip,Grass,Flying,250,35,35,40,35,55,50,2,False,Ponyta,Snover,Snover,36.0,105.0,0.34285714285714286,1
188,Skiploom,Grass,Flying,340,55,45,50,45,65,80,2,False,Gigalith,534,Gigalith,7.0,112.0,0.0625,1
189,Jumpluff,Grass,Flying,460,75,55,70,55,95,110,2,False,Pangoro,Meowth,Meowth,5.0,115.0,0.043478260869565216,1
190,Aipom,Normal,None,360,55,70,55,40,55,85,2,False,Forretress,Delphox,Delphox,3.0,122.0,0.02459016393442623,1
191,Sunkern,Grass,None,180,30,30,30,30,30,30,2,False,Helioptile,Eelektross,Helioptile,30.0,127.0,0.23622047244094488,1
192,Sunflora,Grass,None,425,75,75,55,105,85,30,2,False,LandorusIncarnate Forme,Prinplup,LandorusIncarnate Forme,64.0,116.0,0.5517241379310345,1
193,Yanma,Bug,Flying,390,65,65,45,75,45,95,2,False,Ekans,545,545,88.0,121.0,0.7272727272727273,1
194,Wooper,Water,Ground,210,55,45,45,25,25,15,2,False,23,796,23,23.0,140.0,0.16428571428571428,1
195,Quagsire,Water,Ground,430,95,85,85,65,65,35,2,False,Volcarona,Flareon,Flareon,24.0,108.0,0.2222222222222222,1
196,Espeon,Psychic,None,525,65,65,60,130,95,110,2,False,306,Gothita,Gothita,41.0,119.0,0.3445378151260504,1
197,Umbreon,Dark,None,525,95,65,110,60,130,65,2,False,Moltres,Elgyem,Moltres,37.0,128.0,0.2890625,1
198,Murkrow,Dark,Flying,405,60,85,42,85,42,91,2,False,Diglett,AegislashBlade Forme,AegislashBlade Forme,30.0,139.0,0.2158273381294964,1
199,Slowking,Water,Psychic,490,95,75,80,100,110,30,2,False,Magnezone,Prinplup,Magnezone,19.0,122.0,0.1557377049180328,1
200,Misdreavus,Ghost,None,435,60,60,60,85,85,85,2,False,Aurorus,Suicune,Suicune,44.0,128.0,0.34375,1
201,Unown,Psychic,None,336,48,72,48,72,48,48,2,False,232,Hippopotas,Hippopotas,30.0,123.0,0.24390243902439024,1
202,Wobbuffet,Psychic,None,405,190,33,58,33,58,33,2,False,23,Yamask,23,65.0,119.0,0.5462184873949579,1
203,Girafarig,Normal,Psychic,455,70,80,65,90,65,85,2,False,Shellder,Phanpy,Phanpy,48.0,119.0,0.40336134453781514,1
204,Pineco,Bug,None,290,50,65,90,35,35,15,2,False,Skitty,GiratinaAltered Forme,GiratinaAltered Forme,66.0,119.0,0.5546218487394958,1
205,Forretress,Bug,Steel,465,75,90,140,60,60,40,2,False,Electivire,Wartortle,Electivire,114.0,135.0,0.8444444444444444,1
206,Dunsparce,Normal,None,415,100,70,70,65,65,45,2,False,Woobat,Mothim,Mothim,87.0,123.0,0.7073170731707317,1
207,Gligar,Ground,Flying,430,65,75,105,35,65,85,2,False,Trevenant,349,349,14.0,111.0,0.12612612612612611,1
208,Steelix,Steel,Ground,510,75,85,200,55,65,30,2,False,Lampent,Granbull,Granbull,23.0,142.0,0.1619718309859155,1
209,Snubbull,Fairy,None,300,60,80,50,40,40,30,2,False,Yamask,Venonat,Yamask,90.0,125.0,0.72,1
210,Granbull,Fairy,None,450,90,120,75,60,60,45,2,False,Mesprit,Chespin,Chespin,6.0,125.0,0.048,1
211,Qwilfish,Water,Poison,430,65,95,75,55,55,85,2,False,Piplup,Octillery,Piplup,36.0,140.0,0.2571428571428571,1
212,Scizor,Bug,Steel,500,70,130,100,55,80,65,2,False,Gliscor,Barbaracle,Gliscor,117.0,142.0,0.823943661971831,1
213,Shuckle,Bug,Rock,505,20,10,230,10,230,5,2,False,Metapod,Onix,Onix,67.0,127.0,0.5275590551181102,1
214,Heracross,Bug,Fighting,500,80,125,75,40,95,85,2,False,Cradily,Kabutops,Kabutops,130.0,158.0,0.8227848101265823,1
215,Sneasel,Dark,Ice,430,55,95,55,35,75,115,2,False,Honchkrow,Flygon,Honchkrow,32.0,132.0,0.24242424242424243,1
216,Teddiursa,Normal,None,330,60,80,50,50,50,40,2,False,137,Volcarona,137,84.0,133.0,0.631578947368421,1
217,Ursaring,Normal,None,500,90,130,75,75,75,55,2,False,354,Florges,Florges,33.0,127.0,0.25984251968503935,1
218,Slugma,Fire,None,250,40,40,40,70,40,20,2,False,Sneasel,Golurk,Golurk,18.0,134.0,0.13432835820895522,1
219,Magcargo,Fire,Rock,410,50,50,120,80,80,30,2,False,Cascoon,Scolipede,Cascoon,74.0,128.0,0.578125,1
220,Swinub,Ice,Ground,250,50,50,40,30,30,50,2,False,Muk,Suicune,Suicune,16.0,109.0,0.14678899082568808,1
221,Piloswine,Ice,Ground,450,100,100,80,60,60,50,2,False,Fletchinder,137,137,37.0,123.0,0.3008130081300813,1
222,Corsola,Water,Rock,380,55,55,85,65,85,35,2,False,Staryu,Furfrou,Staryu,26.0,137.0,0.1897810218978102,1
223,Remoraid,Water,None,300,35,65,35,65,35,65,2,False,Sandile,Kingler,Sandile,93.0,134.0,0.6940298507462687,1
224,Octillery,Water,None,480,75,105,75,105,75,45,2,False,Persian,Oshawott,Oshawott,25.0,149.0,0.16778523489932887,1
225,Delibird,Ice,Flying,330,45,55,45,65,45,75,2,False,Ferroseed,Jolteon,Ferroseed,50.0,145.0,0.3448275862068966,1
226,Mantine,Water,Flying,465,65,40,70,80,140,70,2,False,Tirtouga,Aromatisse,Tirtouga,21.0,137.0,0.15328467153284672,1
227,Skarmory,Steel,Flying,465,65,80,140,40,70,70,2,False,Mamoswine,Fearow,Mamoswine,35.0,119.0,0.29411764705882354,1
228,Houndour,Dark,Fire,330,45,60,30,80,50,65,2,False,Zygarde50% Forme,Buneary,Zygarde50% Forme,104.0,150.0,0.6933333333333334,1
229,Houndoom,Dark,Fire,500,75,90,50,110,80,95,2,False,Altaria,Chimecho,Chimecho,76.0,125.0,0.608,1
230,Kingdra,Water,Dragon,540,75,95,95,95,95,85,2,False,Timburr,Gigalith,Timburr,77.0,140.0,0.55,1
231,Phanpy,Ground,None,330,90,60,60,40,40,40,2,False,Weavile,Woobat,Weavile,,,,1
232,Donphan,Ground,None,500,90,120,120,60,60,50,2,False,Gallade,424,424,94.0,136.0,0.6911764705882353,1
233,Porygon2,Normal,None,515,85,80,90,105,95,60,2,False,Alakazam,Bastiodon,Alakazam,81.0,130.0,0.6230769230769231,1
234,Stantler,Normal,None,465,73,95,62,85,65,85,2,False,Dialga,Wurmple,Dialga,106.0,113.0,0.9380530973451328,1
235,Smeargle,Normal,None,250,55,20,35,20,45,75,2,False,Carvanha,Dusclops,Carvanha,26.0,109.0,0.23853211009174313,1
236,Tyrogue,Fighting,None,210,35,35,35,35,35,35,2,False,Braviary,Seaking,Seaking,,,,1
237,Hitmontop,Fighting,None,455,50,95,95,35,110,70,2,False,Espeon,Virizion,Virizion,4.0,123.0,0.032520325203252036,1
238,Smoochum,Ice,Psychic,305,45,30,15,85,65,65,2,False,336,Shuppet,336,9.0,124.0,0.07258064516129033,1
239,Elekid,Electric,None,360,45,63,37,65,55,95,2,False,Conkeldurr,Geodude,Geodude,37.0,133.0,0.2781954887218045,1
240,Magby,Fire,None,365,45,75,37,70,55,83,2,False,785,Spiritomb,Spiritomb,36.0,118.0,0.3050847457627119,1
241,Miltank,Normal,None,490,95,80,105,40,70,100,2,False,Rayquaza,Masquerain,Rayquaza,28.0,139.0,0.2014388489208633,1
242,Blissey,Normal,None,540,255,10,10,75,135,55,2,False,Fearow,Talonflame,Talonflame,69.0,148.0,0.46621621621621623,1
243,Raikou,Electric,None,580,90,85,75,115,100,115,2,True,459,Sealeo,459,37.0,113.0,0.3274336283185841,1
244,Entei,Fire,None,580,115,115,85,90,75,100,2,True,Kyogre,494,Kyogre,74.0,130.0,0.5692307692307692,1
245,Suicune,Water,None,580,100,75,115,90,115,85,2,True,Pidove,Amaura,Amaura,78.0,131.0,0.5954198473282443,1
246,Larvitar,Rock,Ground,300,50,64,50,45,50,41,2,False,Growlithe,Golem,Growlithe,70.0,134.0,0.5223880597014925,1
247,Pupitar,Rock,Ground,410,70,84,70,65,70,51,2,False,Smoochum,Dunsparce,Smoochum,58.0,126.0,0.4603174603174603,1
248,Tyranitar,Rock,Dark,600,100,134,110,95,100,61,2,False,Charmander,Omastar,Charmander,111.0,139.0,0.7985611510791367,1
249,Lugia,Psychic,Flying,680,106,90,130,90,154,110,2,True,Cresselia,333,Cresselia,128.0,135.0,0.9481481481481482,1
250,Ho-oh,Fire,Flying,680,106,130,90,110,154,90,2,True,Masquerain,GiratinaAltered Forme,GiratinaAltered Forme,88.0,136.0,0.6470588235294118,1
251,Celebi,Psychic,Grass,600,100,100,100,100,100,100,2,False,Murkrow,Staravia,Murkrow,39.0,132.0,0.29545454545454547,1
252,Treecko,Grass,None,310,40,45,35,65,55,70,3,False,Simipour,Pelipper,Pelipper,48.0,136.0,0.35294117647058826,1
253,Grovyle,Grass,None,405,50,65,45,85,65,95,3,False,Wooper,Vanilluxe,Wooper,53.0,108.0,0.49074074074074076,1
254,Sceptile,Grass,None,530,70,85,65,105,85,120,3,False,Dodrio,Amaura,Dodrio,90.0,135.0,0.6666666666666666,1
255,Torchic,Fire,None,310,45,60,40,70,50,45,3,False,Lickitung,Fraxure,Lickitung,52.0,138.0,0.37681159420289856,1
256,Combusken,Fire,Fighting,405,60,85,60,85,60,55,3,False,Scyther,Kadabra,Kadabra,17.0,127.0,0.13385826771653545,1
257,Blaziken,Fire,Fighting,530,80,120,70,110,70,80,3,False,Purrloin,Glalie,Purrloin,72.0,139.0,0.5179856115107914,1
258,Mudkip,Water,None,310,50,70,50,50,50,40,3,False,Vanillish,Girafarig,Vanillish,46.0,127.0,0.36220472440944884,1
259,Marshtomp,Water,Ground,405,70,85,70,60,70,50,3,False,Hariyama,163,163,116.0,144.0,0.8055555555555556,1
260,Swampert,Water,Ground,535,100,110,90,85,90,60,3,False,Kakuna,164,164,81.0,131.0,0.6183206106870229,1
261,Poochyena,Dark,None,220,35,55,35,30,30,35,3,False,MeloettaAria Forme,Togetic,MeloettaAria Forme,103.0,128.0,0.8046875,1
262,Mightyena,Dark,None,420,70,90,70,60,60,70,3,False,Paras,Meowth,Paras,40.0,128.0,0.3125,1
263,Zigzagoon,Normal,None,240,38,30,41,30,41,60,3,False,Magcargo,Shinx,Shinx,91.0,97.0,0.9381443298969072,1
264,Linoone,Normal,None,420,78,70,61,50,61,100,3,False,Unfezant,Cryogonal,Unfezant,109.0,134.0,0.8134328358208955,1
265,Wurmple,Bug,None,195,45,45,35,20,30,20,3,False,Avalugg,Greninja,Greninja,78.0,121.0,0.6446280991735537,1
266,Silcoon,Bug,None,205,50,35,55,25,25,15,3,False,420,Chespin,420,25.0,110.0,0.22727272727272727,1
267,Beautifly,Bug,Flying,395,60,70,50,100,50,65,3,False,Ponyta,Hippopotas,Hippopotas,41.0,139.0,0.2949640287769784,1
268,Cascoon,Bug,None,205,50,35,55,25,25,15,3,False,Gallade,Dratini,Dratini,56.0,138.0,0.4057971014492754,1
269,Dustox,Bug,Poison,385,60,50,70,50,90,65,3,False,Hitmonchan,Dugtrio,Dugtrio,70.0,124.0,0.5645161290322581,1
270,Lotad,Water,Grass,220,40,30,30,40,50,30,3,False,Spinda,Gothorita,Spinda,107.0,123.0,0.8699186991869918,1
271,Lombre,Water,Grass,340,60,50,50,60,70,50,3,False,Venomoth,532,532,77.0,107.0,0.719626168224299,1
272,Ludicolo,Water,Grass,480,80,70,70,90,100,70,3,False,534,798,534,111.0,133.0,0.8345864661654135,1
273,Seedot,Grass,None,220,40,40,50,30,30,30,3,False,Amaura,Ledyba,Amaura,52.0,116.0,0.4482758620689655,1
274,Nuzleaf,Grass,Dark,340,70,70,40,60,40,60,3,False,Dewgong,Froakie,Froakie,76.0,105.0,0.7238095238095238,1
275,Shiftry,Grass,Dark,480,90,100,60,90,60,80,3,False,Diancie,Infernape,Diancie,113.0,122.0,0.9262295081967213,1
276,Taillow,Normal,Flying,270,40,55,30,30,30,85,3,False,Slaking,Turtwig,Turtwig,119.0,126.0,0.9444444444444444,1
277,Swellow,Normal,Flying,430,60,85,60,50,50,125,3,False,Gardevoir,Donphan,Gardevoir,39.0,137.0,0.2846715328467153,1
278,Wingull,Water,Flying,270,40,30,30,55,30,85,3,False,Lugia,Silcoon,Lugia,54.0,147.0,0.3673469387755102,1
279,Pelipper,Water,Flying,430,60,50,100,85,70,65,3,False,Gurdurr,Spewpa,Spewpa,79.0,123.0,0.6422764227642277,1
280,Ralts,Psychic,Fairy,198,28,25,25,45,35,40,3,False,Purrloin,DeoxysNormal Forme,DeoxysNormal Forme,104.0,123.0,0.8455284552845529,1
281,Kirlia,Psychic,Fairy,278,38,35,35,65,55,50,3,False,Beautifly,Linoone,Linoone,22.0,135.0,0.16296296296296298,1
282,Gardevoir,Psychic,Fairy,518,68,65,65,125,115,80,3,False,Clauncher,Spewpa,Clauncher,42.0,148.0,0.28378378378378377,1
283,Surskit,Bug,Water,269,40,30,32,50,52,65,3,False,Wobbuffet,Haunter,Haunter,65.0,136.0,0.47794117647058826,1
284,Masquerain,Bug,Flying,414,70,60,62,80,82,60,3,False,Litwick,87,Litwick,77.0,130.0,0.5923076923076923,1
285,Shroomish,Grass,None,295,60,40,60,40,60,35,3,False,Mew,Gloom,Mew,27.0,114.0,0.23684210526315788,1
286,Breloom,Grass,Fighting,460,60,130,80,60,60,70,3,False,Kangaskhan,Hawlucha,Hawlucha,85.0,133.0,0.6390977443609023,1
287,Slakoth,Normal,None,280,60,60,60,35,35,30,3,False,Blissey,154,154,31.0,107.0,0.2897196261682243,1
288,Vigoroth,Normal,None,440,80,80,80,55,55,90,3,False,Snubbull,Reuniclus,Reuniclus,101.0,124.0,0.8145161290322581,1
289,Slaking,Normal,None,670,150,160,100,95,65,100,3,False,Slaking,Onix,Onix,10.0,138.0,0.07246376811594203,1
290,Nincada,Bug,Ground,266,31,45,90,30,30,40,3,False,Krabby,Carnivine,Carnivine,3.0,138.0,0.021739130434782608,1
291,Ninjask,Bug,Flying,456,61,90,45,50,50,160,3,False,Cranidos,Darumaka,Darumaka,72.0,138.0,0.5217391304347826,1
292,Shedinja,Bug,Ghost,236,1,90,45,30,30,40,3,False,Kingler,Oddish,Oddish,7.0,133.0,0.05263157894736842,1
293,Whismur,Normal,None,240,64,51,23,51,23,28,3,False,Braixen,Audino,Audino,55.0,139.0,0.39568345323741005,1
294,Loudred,Normal,None,360,84,71,43,71,43,48,3,False,Emboar,431,431,10.0,126.0,0.07936507936507936,1
295,Exploud,Normal,None,490,104,91,63,91,73,68,3,False,141,Bunnelby,Bunnelby,36.0,127.0,0.28346456692913385,1
296,Makuhita,Fighting,None,237,72,60,30,20,30,25,3,False,Spiritomb,Piloswine,Spiritomb,69.0,123.0,0.5609756097560976,1
297,Hariyama,Fighting,None,474,144,120,60,40,60,50,3,False,Spiritomb,Plusle,Plusle,11.0,126.0,0.0873015873015873,1
298,Azurill,Normal,Fairy,190,50,20,40,20,40,20,3,False,Corphish,Seaking,Seaking,48.0,113.0,0.4247787610619469,1
299,Nosepass,Rock,None,375,30,45,135,45,90,30,3,False,3,Fletchinder,3,79.0,123.0,0.6422764227642277,1
300,Skitty,Normal,None,260,50,45,45,35,35,50,3,False,Drapion,Doduo,Drapion,86.0,125.0,0.688,1
301,Delcatty,Normal,None,380,70,65,65,55,55,70,3,False,714,Drowzee,714,110.0,121.0,0.9090909090909091,1
302,Sableye,Dark,Ghost,380,50,75,75,65,65,50,3,False,Bergmite,Torchic,Torchic,56.0,120.0,0.4666666666666667,1
303,Mawile,Steel,Fairy,380,50,85,85,55,55,50,3,False,459,Weedle,Weedle,59.0,124.0,0.47580645161290325,1
304,Aron,Steel,Rock,330,50,70,100,40,40,30,3,False,Turtwig,Ditto,Turtwig,23.0,143.0,0.16083916083916083,1
305,Lairon,Steel,Rock,430,60,90,140,50,50,40,3,False,Froakie,Venusaur,Froakie,36.0,136.0,0.2647058823529412,1
306,Aggron,Steel,Rock,530,70,110,180,60,60,50,3,False,Emolga,533,Emolga,84.0,130.0,0.6461538461538462,1
307,Meditite,Fighting,Psychic,280,30,40,55,40,55,60,3,False,Phanpy,Grumpig,Phanpy,97.0,120.0,0.8083333333333333,1
308,Medicham,Fighting,Psychic,410,60,60,75,60,75,80,3,False,Snorlax,Prinplup,Snorlax,47.0,128.0,0.3671875,1
309,Electrike,Electric,None,295,40,45,40,65,40,65,3,False,Kricketune,Pidgey,Pidgey,63.0,144.0,0.4375,1
310,Manectric,Electric,None,475,70,75,60,105,60,105,3,False,366,Barboach,366,26.0,144.0,0.18055555555555555,1
311,Plusle,Electric,None,405,60,50,40,85,75,95,3,False,Electrike,Sylveon,Electrike,67.0,130.0,0.5153846153846153,1
312,Minun,Electric,None,405,60,40,50,75,85,95,3,False,Spinda,Heliolisk,Spinda,15.0,134.0,0.11194029850746269,1
313,Volbeat,Bug,None,400,65,73,55,47,75,85,3,False,Marill,Exeggcute,Marill,86.0,134.0,0.6417910447761194,1
314,Illumise,Bug,None,400,65,47,55,73,75,85,3,False,Kabutops,Skrelp,Skrelp,133.0,150.0,0.8866666666666667,1
315,Roselia,Grass,Poison,400,50,60,45,100,80,65,3,False,164,Musharna,164,25.0,114.0,0.21929824561403508,1
316,Gulpin,Poison,None,302,70,43,53,43,53,40,3,False,Feraligatr,Deerling,Deerling,108.0,117.0,0.9230769230769231,1
317,Swalot,Poison,None,467,100,73,83,73,83,55,3,False,Piplup,Psyduck,Psyduck,41.0,124.0,0.33064516129032256,1
318,Carvanha,Water,Dark,305,45,90,20,65,20,65,3,False,Darumaka,Staraptor,Darumaka,15.0,132.0,0.11363636363636363,1
319,Sharpedo,Water,Dark,460,70,120,40,95,40,95,3,False,Avalugg,Goldeen,Goldeen,37.0,143.0,0.25874125874125875,1
320,Wailmer,Water,None,400,130,70,35,70,35,60,3,False,Toxicroak,Kyogre,Kyogre,65.0,127.0,0.5118110236220472,1
321,Wailord,Water,None,500,170,90,45,90,45,60,3,False,Lillipup,Slowking,Slowking,14.0,121.0,0.11570247933884298,1
322,Numel,Fire,Ground,305,60,60,40,65,45,35,3,False,Moltres,Gothita,Gothita,,,,1
323,Camerupt,Fire,Ground,460,70,100,70,105,75,40,3,False,Banette,Pidgeotto,Pidgeotto,13.0,135.0,0.0962962962962963,1
324,Torkoal,Fire,None,470,70,85,140,85,70,20,3,False,Salamence,Relicanth,Relicanth,13.0,140.0,0.09285714285714286,1
325,Spoink,Psychic,None,330,60,25,35,70,80,60,3,False,349,Empoleon,349,32.0,136.0,0.23529411764705882,1
326,Grumpig,Psychic,None,470,80,45,65,90,110,80,3,False,Beldum,Ludicolo,Beldum,58.0,116.0,0.5,1
327,Spinda,Normal,None,360,60,60,60,60,60,60,3,False,Ponyta,Liepard,Liepard,49.0,121.0,0.4049586776859504,1
328,Trapinch,Ground,None,290,45,100,45,45,45,10,3,False,Kingdra,Metang,Kingdra,59.0,137.0,0.4306569343065693,1
329,Vibrava,Ground,Dragon,340,50,70,50,50,50,70,3,False,Croconaw,Lilligant,Croconaw,48.0,123.0,0.3902439024390244,1
330,Flygon,Ground,Dragon,520,80,100,80,80,80,100,3,False,Sylveon,Pansear,Pansear,53.0,141.0,0.375886524822695,1
331,Cacnea,Grass,None,335,50,85,40,85,40,35,3,False,Paras,Drifblim,Drifblim,28.0,126.0,0.2222222222222222,1
332,Cacturne,Grass,Dark,475,70,115,60,115,60,55,3,False,Roserade,Krabby,Krabby,36.0,142.0,0.2535211267605634,1
333,Swablu,Normal,Flying,310,45,40,60,40,75,50,3,False,ShayminLand Forme,Aurorus,ShayminLand Forme,63.0,153.0,0.4117647058823529,1
334,Altaria,Dragon,Flying,490,75,70,90,70,105,80,3,False,Porygon-Z,Skiddo,Porygon-Z,48.0,148.0,0.32432432432432434,1
335,Zangoose,Normal,None,458,73,115,60,60,60,90,3,False,Pachirisu,Clauncher,Clauncher,45.0,139.0,0.3237410071942446,1
336,Seviper,Poison,None,458,73,100,60,100,60,65,3,False,Flareon,798,798,82.0,112.0,0.7321428571428571,1
337,Lunatone,Rock,Psychic,440,70,55,65,95,85,70,3,False,Pansear,Wigglytuff,Pansear,89.0,127.0,0.7007874015748031,1
338,Solrock,Rock,Psychic,440,70,95,85,55,65,70,3,False,Liepard,Gogoat,Liepard,77.0,136.0,0.5661764705882353,1
339,Barboach,Water,Ground,288,50,48,43,46,41,60,3,False,Mareep,Ekans,Ekans,110.0,125.0,0.88,1
340,Whiscash,Water,Ground,468,110,78,73,76,71,60,3,False,Houndoom,Bibarel,Houndoom,123.0,134.0,0.917910447761194,1
341,Corphish,Water,None,308,43,80,65,50,35,35,3,False,511,Mudkip,Mudkip,92.0,122.0,0.7540983606557377,1
342,Crawdaunt,Water,Dark,468,63,120,85,90,55,55,3,False,Chimchar,Jigglypuff,Jigglypuff,81.0,134.0,0.6044776119402985,1
343,Baltoy,Ground,Psychic,300,40,40,55,40,70,55,3,False,Zygarde50% Forme,Trapinch,Zygarde50% Forme,76.0,111.0,0.6846846846846847,1
344,Claydol,Ground,Psychic,500,60,70,105,70,120,75,3,False,196,Binacle,Binacle,104.0,160.0,0.65,1
345,Lileep,Rock,Grass,355,66,41,77,61,87,23,3,False,Gastrodon,Beldum,Beldum,53.0,116.0,0.45689655172413796,1
346,Cradily,Rock,Grass,495,86,81,97,81,107,43,3,False,Zorua,164,164,21.0,110.0,0.19090909090909092,1
347,Anorith,Rock,Bug,355,45,95,50,40,50,75,3,False,Budew,Noibat,Budew,45.0,121.0,0.371900826446281,1
348,Armaldo,Rock,Bug,495,75,125,100,70,80,45,3,False,Espeon,Staravia,Staravia,66.0,129.0,0.5116279069767442,1
349,Feebas,Water,None,200,20,15,20,10,55,80,3,False,Carbink,Zebstrika,Carbink,107.0,132.0,0.8106060606060606,1
350,Milotic,Water,None,540,95,60,79,100,125,81,3,False,Gorebyss,Psyduck,Psyduck,114.0,120.0,0.95,1
351,Castform,Normal,None,420,70,70,70,70,70,70,3,False,Clamperl,413,413,45.0,112.0,0.4017857142857143,1
352,Kecleon,Normal,None,440,60,90,70,60,120,40,3,False,Scizor,Stunfisk,Stunfisk,59.0,138.0,0.427536231884058,1
353,Shuppet,Ghost,None,295,44,75,35,63,33,45,3,False,Aromatisse,196,196,19.0,120.0,0.15833333333333333,1
354,Banette,Ghost,None,455,64,115,65,83,63,65,3,False,Pidove,Torterra,Torterra,26.0,112.0,0.23214285714285715,1
355,Duskull,Ghost,None,295,20,40,90,30,90,25,3,False,Quagsire,Clefairy,Clefairy,37.0,131.0,0.2824427480916031,1
356,Dusclops,Ghost,None,455,40,70,130,60,130,25,3,False,Nidorino,716,716,34.0,125.0,0.272,1
357,Tropius,Grass,Flying,460,99,68,83,72,87,51,3,False,Beedrill,WormadamPlant Cloak,WormadamPlant Cloak,36.0,117.0,0.3076923076923077,1
358,Chimecho,Psychic,None,425,65,50,70,95,80,65,3,False,Mesprit,Pancham,Mesprit,59.0,108.0,0.5462962962962963,1
359,Absol,Dark,None,465,65,130,60,75,60,75,3,False,TornadusIncarnate Forme,Archen,TornadusIncarnate Forme,48.0,126.0,0.38095238095238093,1
360,Wynaut,Psychic,None,260,95,23,48,23,48,23,3,False,Gorebyss,Metagross,Gorebyss,41.0,139.0,0.2949640287769784,1
361,Snorunt,Ice,None,300,50,50,50,50,50,50,3,False,Electivire,Pinsir,Pinsir,70.0,124.0,0.5645161290322581,1
362,Glalie,Ice,None,480,80,80,80,80,80,80,3,False,Buizel,Magneton,Buizel,105.0,116.0,0.9051724137931034,1
363,Spheal,Ice,Water,290,70,40,50,55,50,25,3,False,Carnivine,Drapion,Carnivine,22.0,126.0,0.1746031746031746,1
364,Sealeo,Ice,Water,410,90,60,70,75,70,45,3,False,Swadloon,Vanillish,Vanillish,66.0,142.0,0.4647887323943662,1
365,Walrein,Ice,Water,530,110,80,90,95,90,65,3,False,459,Rapidash,Rapidash,36.0,123.0,0.2926829268292683,1
366,Clamperl,Water,None,345,35,64,85,74,55,32,3,False,Manaphy,Porygon-Z,Porygon-Z,82.0,125.0,0.656,1
367,Huntail,Water,None,485,55,104,105,94,75,52,3,False,Zekrom,Leafeon,Leafeon,90.0,137.0,0.656934306569343,1
368,Gorebyss,Water,None,485,55,84,105,114,75,52,3,False,Metapod,Primeape,Primeape,79.0,118.0,0.6694915254237288,1
369,Relicanth,Water,Rock,485,100,90,130,45,65,55,3,False,Diggersby,Skorupi,Diggersby,61.0,143.0,0.42657342657342656,1
370,Luvdisc,Water,None,330,43,30,55,40,65,97,3,False,Ariados,Houndour,Houndour,69.0,130.0,0.5307692307692308,1
371,Bagon,Dragon,None,300,45,75,60,40,30,50,3,False,Gogoat,Koffing,Gogoat,54.0,108.0,0.5,1
372,Shelgon,Dragon,None,420,65,95,100,60,50,50,3,False,Arbok,431,431,70.0,148.0,0.47297297297297297,1
373,Salamence,Dragon,Flying,600,95,135,80,110,80,100,3,False,Quilladin,Panpour,Panpour,41.0,123.0,0.3333333333333333,1
374,Beldum,Steel,Psychic,300,40,55,80,35,60,30,3,False,Wooper,Mismagius,Mismagius,22.0,155.0,0.14193548387096774,1
375,Metang,Steel,Psychic,420,60,75,100,55,80,50,3,False,Gabite,Nidoran♂,Nidoran♂,34.0,121.0,0.2809917355371901,1
376,Metagross,Steel,Psychic,600,80,135,130,95,90,70,3,False,Rayquaza,Ninetales,Rayquaza,61.0,149.0,0.40939597315436244,1
377,Regirock,Rock,None,580,80,100,200,50,100,50,3,True,Sunflora,Poochyena,Poochyena,73.0,122.0,0.5983606557377049,1
378,Regice,Ice,None,580,80,50,100,100,200,50,3,True,Doublade,Weavile,Weavile,15.0,124.0,0.12096774193548387,1
379,Registeel,Steel,None,580,80,75,150,75,150,50,3,True,Azelf,Aerodactyl,Aerodactyl,26.0,128.0,0.203125,1
380,Latias,Dragon,Psychic,600,80,80,90,110,130,110,3,True,Kabutops,Dratini,Dratini,81.0,150.0,0.54,1
381,Latios,Dragon,Psychic,600,80,90,80,130,110,110,3,True,Floette,Beedrill,Floette,37.0,112.0,0.33035714285714285,1
382,Kyogre,Water,None,670,100,100,90,150,140,90,3,True,Ariados,Tranquill,Tranquill,33.0,123.0,0.2682926829268293,1
383,Groudon,Ground,None,670,100,150,140,100,90,90,3,True,Kadabra,Pelipper,Kadabra,80.0,129.0,0.6201550387596899,1
384,Rayquaza,Dragon,Flying,680,105,150,90,150,90,95,3,True,Croconaw,KeldeoOrdinary Forme,KeldeoOrdinary Forme,64.0,121.0,0.5289256198347108,1
385,Jirachi,Steel,Psychic,600,100,100,100,100,100,100,3,True,Happiny,Azumarill,Happiny,34.0,124.0,0.27419354838709675,1
386,DeoxysNormal Forme,Psychic,None,600,50,150,50,150,50,150,3,True,Golett,Finneon,Golett,36.0,136.0,0.2647058823529412,1
387,Turtwig,Grass,None,318,55,68,64,45,55,31,4,False,Venusaur,Crustle,Venusaur,74.0,139.0,0.5323741007194245,1
388,Grotle,Grass,None,405,75,89,85,55,65,36,4,False,Litleo,Tyrogue,Litleo,83.0,126.0,0.6587301587301587,1
389,Torterra,Grass,Ground,525,95,109,105,75,85,56,4,False,Alakazam,800,Alakazam,15.0,132.0,0.11363636363636363,1
390,Chimchar,Fire,None,309,44,58,44,58,44,61,4,False,Rhydon,Poliwrath,Poliwrath,21.0,121.0,0.17355371900826447,1
391,Monferno,Fire,Fighting,405,64,78,52,78,52,81,4,False,Floette,Basculin,Basculin,56.0,134.0,0.417910447761194,1
392,Infernape,Fire,Fighting,534,76,104,71,104,71,108,4,False,Abra,397,397,52.0,122.0,0.4262295081967213,1
393,Piplup,Water,None,314,53,51,53,61,56,40,4,False,Dialga,714,Dialga,89.0,129.0,0.689922480620155,1
394,Prinplup,Water,None,405,64,66,68,81,76,50,4,False,Chinchou,Bellossom,Chinchou,130.0,139.0,0.935251798561151,1
395,Empoleon,Water,Steel,530,84,86,88,111,101,60,4,False,Musharna,Persian,Persian,6.0,130.0,0.046153846153846156,1
396,Starly,Normal,Flying,245,40,55,30,30,30,60,4,False,AegislashBlade Forme,Arbok,Arbok,39.0,127.0,0.30708661417322836,1
397,Staravia,Normal,Flying,340,55,75,50,40,40,80,4,False,Chimecho,Reuniclus,Chimecho,80.0,133.0,0.6015037593984962,1
398,Staraptor,Normal,Flying,485,85,120,70,50,60,100,4,False,Espeon,Flabébé,Espeon,78.0,92.0,0.8478260869565217,1
399,Bidoof,Normal,None,250,59,45,40,35,40,31,4,False,Combee,Deino,Deino,8.0,131.0,0.061068702290076333,1
400,Bibarel,Normal,Water,410,79,85,60,55,60,71,4,False,Electrike,Flareon,Flareon,32.0,134.0,0.23880597014925373,1
401,Kricketot,Bug,None,194,37,25,41,25,41,25,4,False,459,Vanillish,Vanillish,75.0,149.0,0.5033557046979866,1
402,Kricketune,Bug,None,384,77,85,51,55,51,65,4,False,DarmanitanStandard Mode,Amoonguss,DarmanitanStandard Mode,23.0,116.0,0.19827586206896552,1
403,Shinx,Electric,None,263,45,65,34,40,34,45,4,False,786,Ledian,786,48.0,132.0,0.36363636363636365,1
404,Luxio,Electric,None,363,60,85,49,60,49,60,4,False,Houndoom,Conkeldurr,Conkeldurr,37.0,128.0,0.2890625,1
405,Luxray,Electric,None,523,80,120,79,95,79,70,4,False,536,Chesnaught,536,57.0,134.0,0.4253731343283582,1
406,Budew,Grass,Poison,280,40,30,35,50,70,55,4,False,Fletchling,Woobat,Woobat,79.0,131.0,0.6030534351145038,1
407,Roserade,Grass,Poison,515,60,70,65,125,105,90,4,False,MeloettaAria Forme,Geodude,MeloettaAria Forme,38.0,125.0,0.304,1
408,Cranidos,Rock,None,350,67,125,40,30,30,58,4,False,Tangrowth,Skiddo,Tangrowth,43.0,123.0,0.34959349593495936,1
409,Rampardos,Rock,None,495,97,165,60,65,50,58,4,False,Empoleon,Porygon-Z,Porygon-Z,113.0,137.0,0.8248175182481752,1
410,Shieldon,Rock,Steel,350,30,42,118,42,88,30,4,False,Feraligatr,Beldum,Beldum,125.0,133.0,0.9398496240601504,1
411,Bastiodon,Rock,Steel,495,60,52,168,47,138,30,4,False,Cinccino,424,424,20.0,133.0,0.15037593984962405,1
412,Burmy,Bug,None,224,40,29,45,29,45,36,4,False,Porygon2,HoopaHoopa Confined,HoopaHoopa Confined,42.0,136.0,0.3088235294117647,1
413,WormadamPlant Cloak,Bug,Grass,424,60,59,85,79,105,36,4,False,Whismur,Lombre,Whismur,57.0,110.0,0.5181818181818182,1
414,Mothim,Bug,Flying,424,70,94,50,94,50,66,4,False,Vespiquen,Noibat,Noibat,113.0,130.0,0.8692307692307693,1
415,Combee,Bug,Flying,244,30,30,42,30,42,70,4,False,Sylveon,7,7,50.0,144.0,0.3472222222222222,1
416,Vespiquen,Bug,Flying,474,70,80,102,80,102,40,4,False,Exeggcute,783,Exeggcute,33.0,140.0,0.2357142857142857,1
417,Pachirisu,Electric,None,405,60,45,70,45,90,95,4,False,Rampardos,Shellos,Shellos,35.0,113.0,0.30973451327433627,1
418,Buizel,Water,None,330,55,65,35,60,30,85,4,False,Remoraid,Talonflame,Remoraid,116.0,133.0,0.8721804511278195,1
419,Floatzel,Water,None,495,85,105,55,85,50,115,4,False,Rufflet,Togetic,Rufflet,,,,1
420,Cherubi,Grass,None,275,45,35,45,62,53,35,4,False,Celebi,Pidgeotto,Celebi,107.0,125.0,0.856,1
421,Cherrim,Grass,None,450,70,60,70,87,78,85,4,False,Floette,Avalugg,Floette,97.0,108.0,0.8981481481481481,1
422,Shellos,Water,None,325,76,48,48,57,62,34,4,False,476,Steelix,476,92.0,128.0,0.71875,1
423,Gastrodon,Water,Ground,475,111,83,68,92,82,39,4,False,Panpour,283,Panpour,97.0,132.0,0.7348484848484849,1
424,Ambipom,Normal,None,482,75,100,66,60,66,115,4,False,Scrafty,551,551,106.0,133.0,0.7969924812030075,1
425,Drifloon,Ghost,Flying,348,90,50,34,60,44,70,4,False,Delphox,Maractus,Delphox,91.0,121.0,0.7520661157024794,1
426,Drifblim,Ghost,Flying,498,150,80,44,90,54,80,4,False,Ivysaur,Stunfisk,Stunfisk,116.0,140.0,0.8285714285714286,1
427,Buneary,Normal,None,350,55,66,44,44,56,85,4,False,Tympole,Mr. Mime,Tympole,127.0,134.0,0.9477611940298507,1
428,Lopunny,Normal,None,480,65,76,84,54,96,105,4,False,Grotle,339,339,134.0,153.0,0.8758169934640523,1
429,Mismagius,Ghost,None,495,60,60,60,105,105,105,4,False,Houndoom,Roserade,Houndoom,99.0,106.0,0.9339622641509434,1
430,Honchkrow,Dark,Flying,505,100,125,52,105,52,71,4,False,19,709,709,121.0,134.0,0.9029850746268657,1
431,Glameow,Normal,None,310,49,55,42,42,37,85,4,False,Beldum,Blaziken,Beldum,112.0,151.0,0.7417218543046358,1
432,Purugly,Normal,None,452,71,82,64,64,59,112,4,False,Onix,Lapras,Onix,133.0,145.0,0.9172413793103448,1
433,Chingling,Psychic,None,285,45,30,50,65,50,45,4,False,Nidoran♂,Electrike,Electrike,14.0,120.0,0.11666666666666667,1
434,Stunky,Poison,Dark,329,63,63,47,41,41,74,4,False,Cranidos,Arbok,Cranidos,39.0,132.0,0.29545454545454547,1
435,Skuntank,Poison,Dark,479,103,93,67,71,61,84,4,False,Machoke,Marowak,Marowak,39.0,113.0,0.34513274336283184,1
436,Bronzor,Steel,Psychic,300,57,24,86,24,86,23,4,False,Crawdaunt,87,Crawdaunt,47.0,112.0,0.41964285714285715,1
437,Bronzong,Steel,Psychic,500,67,89,116,79,116,33,4,False,Cinccino,GourgeistAverage Size,GourgeistAverage Size,79.0,123.0,0.6422764227642277,1
438,Bonsly,Rock,None,290,50,80,95,10,45,10,4,False,Mienshao,Noibat,Mienshao,136.0,149.0,0.912751677852349,1
439,Mime Jr.,Psychic,Fairy,310,20,25,45,70,90,60,4,False,Spinarak,Heliolisk,Spinarak,20.0,140.0,0.14285714285714285,1
440,Happiny,Normal,None,220,100,5,5,15,65,30,4,False,Boldore,498,498,33.0,131.0,0.25190839694656486,1
441,Chatot,Normal,Flying,411,76,65,45,92,42,91,4,False,Woobat,Audino,Audino,57.0,123.0,0.4634146341463415,1
442,Spiritomb,Ghost,Dark,485,50,92,108,92,108,35,4,False,Scatterbug,Ivysaur,Scatterbug,54.0,124.0,0.43548387096774194,1
443,Gible,Dragon,Ground,300,58,70,45,40,45,42,4,False,Honchkrow,Mamoswine,Honchkrow,75.0,119.0,0.6302521008403361,1
444,Gabite,Dragon,Ground,410,68,90,65,50,55,82,4,False,Vivillon,19,19,113.0,136.0,0.8308823529411765,1
445,Garchomp,Dragon,Ground,600,108,130,95,80,85,102,4,False,Cinccino,Sharpedo,Cinccino,19.0,133.0,0.14285714285714285,1
446,Munchlax,Normal,None,390,135,85,40,40,85,5,4,False,Stoutland,Slurpuff,Stoutland,84.0,139.0,0.60431654676259,1
447,Riolu,Fighting,None,285,40,70,40,35,40,60,4,False,354,Golem,354,11.0,124.0,0.08870967741935484,1
448,Lucario,Fighting,Steel,525,70,110,70,115,70,90,4,False,Latias,783,Latias,63.0,122.0,0.5163934426229508,1
449,Hippopotas,Ground,None,330,68,72,78,38,42,32,4,False,420,Slowpoke,420,36.0,139.0,0.2589928057553957,1
450,Hippowdon,Ground,None,525,108,112,118,68,72,47,4,False,Basculin,Misdreavus,Basculin,56.0,126.0,0.4444444444444444,1
451,Skorupi,Poison,Bug,330,40,50,90,30,55,65,4,False,Wailmer,Dragonair,Wailmer,77.0,132.0,0.5833333333333334,1
452,Drapion,Poison,Dark,500,70,90,110,60,75,95,4,False,Tangela,Drilbur,Drilbur,33.0,117.0,0.28205128205128205,1
453,Croagunk,Poison,Fighting,300,48,61,40,61,40,50,4,False,Dratini,Victreebel,Dratini,94.0,136.0,0.6911764705882353,1
454,Toxicroak,Poison,Fighting,490,83,106,65,86,65,85,4,False,Spheal,Throh,Spheal,35.0,102.0,0.3431372549019608,1
455,Carnivine,Grass,None,454,74,100,72,90,72,46,4,False,Swellow,ThundurusIncarnate Forme,ThundurusIncarnate Forme,48.0,123.0,0.3902439024390244,1
456,Finneon,Water,None,330,49,49,56,49,61,66,4,False,Mantyke,Lotad,Mantyke,14.0,125.0,0.112,1
457,Lumineon,Water,None,460,69,69,76,69,86,91,4,False,Clawitzer,Pawniard,Pawniard,24.0,121.0,0.19834710743801653,1
458,Mantyke,Water,Flying,345,45,20,50,60,120,50,4,False,DeoxysNormal Forme,Skiploom,DeoxysNormal Forme,18.0,123.0,0.14634146341463414,1
459,Snover,Grass,Ice,334,60,62,50,62,60,40,4,False,Snover,Azumarill,Snover,21.0,126.0,0.16666666666666666,1
460,Abomasnow,Grass,Ice,494,90,92,75,92,85,60,4,False,Krabby,Timburr,Krabby,22.0,129.0,0.17054263565891473,1
461,Weavile,Dark,Ice,510,70,120,65,45,85,125,4,False,ShayminLand Forme,Wynaut,ShayminLand Forme,36.0,138.0,0.2608695652173913,1
462,Magnezone,Electric,Steel,535,70,70,115,130,90,60,4,False,Breloom,Oddish,Oddish,65.0,135.0,0.48148148148148145,1
463,Lickilicky,Normal,None,515,110,85,95,80,95,50,4,False,Geodude,Nincada,Nincada,55.0,130.0,0.4230769230769231,1
464,Rhyperior,Ground,Rock,535,115,140,130,55,55,40,4,False,Vespiquen,Skiploom,Vespiquen,34.0,127.0,0.2677165354330709,1
465,Tangrowth,Grass,None,535,100,100,125,110,50,50,4,False,Bronzor,Squirtle,Squirtle,103.0,141.0,0.7304964539007093,1
466,Electivire,Electric,None,540,75,123,67,95,85,95,4,False,Terrakion,Gloom,Terrakion,68.0,111.0,0.6126126126126126,1
467,Magmortar,Fire,None,540,75,95,67,125,95,83,4,False,Infernape,533,533,112.0,124.0,0.9032258064516129,1
468,Togekiss,Fairy,Flying,545,85,50,95,120,115,80,4,False,Machoke,Bronzong,Machoke,16.0,135.0,0.11851851851851852,1
469,Yanmega,Bug,Flying,515,86,76,86,116,56,95,4,False,Archen,Nincada,Nincada,71.0,114.0,0.6228070175438597,1
470,Leafeon,Grass,None,525,65,110,130,60,65,95,4,False,Unown,Galvantula,Unown,18.0,154.0,0.11688311688311688,1
471,Glaceon,Ice,None,525,65,60,110,130,95,65,4,False,Seadra,Maractus,Seadra,22.0,124.0,0.1774193548387097,1
472,Gliscor,Ground,Flying,510,75,95,125,45,75,95,4,False,Zoroark,Zekrom,Zekrom,102.0,111.0,0.918918918918919,1
473,Mamoswine,Ice,Ground,530,110,130,80,70,60,80,4,False,Heatmor,Lairon,Heatmor,71.0,113.0,0.6283185840707964,1
474,Porygon-Z,Normal,None,535,85,80,70,135,75,90,4,False,Blastoise,Shroomish,Shroomish,80.0,128.0,0.625,1
475,Gallade,Psychic,Fighting,518,68,125,65,65,115,80,4,False,Skuntank,Pidgeot,Skuntank,93.0,135.0,0.6888888888888889,1
476,Probopass,Rock,Steel,525,60,55,145,75,150,40,4,False,Eelektross,Quilava,Quilava,109.0,121.0,0.9008264462809917,1
477,Dusknoir,Ghost,None,525,45,100,135,65,135,45,4,False,Dialga,Electrike,Dialga,124.0,129.0,0.9612403100775194,1
478,Froslass,Ice,Ghost,480,70,80,70,80,70,110,4,False,Nidoking,Taillow,Taillow,106.0,125.0,0.848,1
479,Rotom,Electric,Ghost,440,50,50,77,95,77,91,4,False,Dragalge,Clauncher,Clauncher,,,,1
480,Uxie,Psychic,None,580,75,75,130,75,130,95,4,True,Starly,Ivysaur,Starly,71.0,117.0,0.6068376068376068,1
481,Mesprit,Psychic,None,580,80,105,105,105,105,80,4,True,Torterra,137,137,111.0,119.0,0.9327731092436975,1
482,Azelf,Psychic,None,580,75,125,70,125,70,115,4,True,Terrakion,Grotle,Terrakion,17.0,123.0,0.13821138211382114,1
483,Dialga,Steel,Dragon,680,100,120,120,150,100,90,4,True,Parasect,Anorith,Anorith,70.0,125.0,0.56,1
484,Palkia,Water,Dragon,680,90,120,100,150,120,100,4,True,Moltres,Typhlosion,Moltres,85.0,119.0,0.7142857142857143,1
485,Heatran,Fire,Steel,600,91,90,106,130,106,77,4,True,Aurorus,Crawdaunt,Aurorus,14.0,110.0,0.12727272727272726,1
486,Regigigas,Normal,None,670,110,160,110,80,110,100,4,True,Avalugg,Vullaby,Vullaby,37.0,141.0,0.2624113475177305,1
487,GiratinaAltered Forme,Ghost,Dragon,680,150,100,120,100,120,90,4,True,393,Tyrogue,Tyrogue,29.0,125.0,0.232,1
488,Cresselia,Psychic,None,600,120,70,120,75,130,85,4,False,Surskit,Gogoat,Surskit,37.0,120.0,0.30833333333333335,1
489,Phione,Water,None,480,80,80,80,80,80,80,4,False,Probopass,Gabite,Probopass,8.0,104.0,0.07692307692307693,1
490,Manaphy,Water,None,600,100,100,100,100,100,100,4,False,Umbreon,Rattata,Rattata,111.0,149.0,0.7449664429530202,1
491,Darkrai,Dark,None,600,70,90,90,135,90,125,4,True,Gastly,Croconaw,Gastly,29.0,118.0,0.2457627118644068,1
492,ShayminLand Forme,Grass,None,600,100,100,100,100,100,100,4,True,Persian,Stantler,Persian,35.0,135.0,0.25925925925925924,1
493,Arceus,Normal,None,720,120,120,120,120,120,120,4,True,Granbull,Silcoon,Granbull,82.0,133.0,0.6165413533834586,1
494,Victini,Psychic,Fire,600,100,100,100,100,100,100,5,True,Altaria,Lilligant,Altaria,97.0,127.0,0.7637795275590551,1
495,Snivy,Grass,None,308,45,45,55,45,55,63,5,False,409,532,409,85.0,120.0,0.7083333333333334,1
496,Servine,Grass,None,413,60,60,75,60,75,83,5,False,Sawsbuck,Lombre,Sawsbuck,81.0,118.0,0.6864406779661016,1
497,Serperior,Grass,None,528,75,75,95,75,95,113,5,False,Butterfree,Inkay,Inkay,49.0,125.0,0.392,1
498,Tepig,Fire,None,308,65,63,45,45,45,45,5,False,196,Goomy,196,90.0,120.0,0.75,1
499,Pignite,Fire,Fighting,418,90,93,55,70,55,55,5,False,Larvitar,Abra,Larvitar,96.0,108.0,0.8888888888888888,1
500,Emboar,Fire,Fighting,528,110,123,65,100,65,65,5,False,Watchog,Doublade,Doublade,30.0,126.0,0.23809523809523808,1
501,Oshawott,Water,None,308,55,55,45,63,45,45,5,False,AegislashBlade Forme,248,248,35.0,120.0,0.2916666666666667,1
502,Dewott,Water,None,413,75,75,60,83,60,60,5,False,Lapras,Kingler,Lapras,63.0,141.0,0.44680851063829785,1
503,Samurott,Water,None,528,95,100,85,108,70,70,5,False,Jirachi,Relicanth,Jirachi,88.0,120.0,0.7333333333333333,1
504,Patrat,Normal,None,255,45,55,39,35,39,42,5,False,Rampardos,Pelipper,Pelipper,29.0,114.0,0.2543859649122807,1
505,Watchog,Normal,None,420,60,85,69,60,69,77,5,False,Nosepass,Panpour,Panpour,85.0,128.0,0.6640625,1
506,Lillipup,Normal,None,275,45,60,45,25,45,55,5,False,Raikou,Poliwrath,Poliwrath,28.0,114.0,0.24561403508771928,1
507,Herdier,Normal,None,370,65,80,65,35,65,60,5,False,Kyurem,Torterra,Kyurem,68.0,131.0,0.5190839694656488,1
508,Stoutland,Normal,None,500,85,110,90,45,90,80,5,False,Cascoon,Elgyem,Cascoon,78.0,119.0,0.6554621848739496,1
509,Purrloin,Dark,None,281,41,50,37,50,37,66,5,False,Sneasel,Bibarel,Sneasel,26.0,108.0,0.24074074074074073,1
510,Liepard,Dark,None,446,64,88,50,88,50,106,5,False,Seadra,494,494,22.0,121.0,0.18181818181818182,1
511,Pansage,Grass,None,316,50,53,48,53,48,64,5,False,Porygon2,Voltorb,Voltorb,60.0,121.0,0.49586776859504134,1
512,Simisage,Grass,None,498,75,98,63,98,63,101,5,False,Kadabra,Umbreon,Umbreon,62.0,146.0,0.4246575342465753,1
513,Pansear,Fire,None,316,50,53,48,53,48,64,5,False,Rhydon,Volbeat,Rhydon,116.0,119.0,0.9747899159663865,1
514,Simisear,Fire,None,498,75,98,63,98,63,101,5,False,224,Croconaw,Croconaw,63.0,118.0,0.5338983050847458,1
515,Panpour,Water,None,316,50,53,48,53,48,64,5,False,Zweilous,Dewgong,Dewgong,35.0,129.0,0.2713178294573643,1
516,Simipour,Water,None,498,75,98,63,98,63,101,5,False,Fraxure,Torkoal,Fraxure,47.0,104.0,0.4519230769230769,1
517,Munna,Psychic,None,292,76,25,45,67,55,24,5,False,409,Smeargle,409,48.0,125.0,0.384,1
518,Musharna,Psychic,None,487,116,55,85,107,95,29,5,False,Ampharos,Whimsicott,Whimsicott,94.0,123.0,0.7642276422764228,1
519,Pidove,Normal,Flying,264,50,55,50,36,30,43,5,False,Probopass,327,327,79.0,111.0,0.7117117117117117,1
520,Tranquill,Normal,Flying,358,62,77,62,50,42,65,5,False,Goldeen,Graveler,Goldeen,73.0,126.0,0.5793650793650794,1
521,Unfezant,Normal,Flying,488,80,115,80,65,55,93,5,False,Volcarona,336,336,91.0,114.0,0.7982456140350878,1
522,Blitzle,Electric,None,295,45,60,32,50,32,76,5,False,422,705,705,125.0,151.0,0.8278145695364238,1
523,Zebstrika,Electric,None,497,75,100,63,80,63,116,5,False,Turtwig,397,Turtwig,64.0,134.0,0.47761194029850745,1
524,Roggenrola,Rock,None,280,55,75,85,25,25,15,5,False,409,Claydol,409,109.0,132.0,0.8257575757575758,1
525,Boldore,Rock,None,390,70,105,105,50,40,20,5,False,Zebstrika,424,424,68.0,116.0,0.5862068965517241,1
526,Gigalith,Rock,None,515,85,135,130,60,80,25,5,False,Leafeon,268,Leafeon,103.0,147.0,0.7006802721088435,1
527,Woobat,Psychic,Flying,313,55,45,43,55,43,72,5,False,Kirlia,LandorusIncarnate Forme,LandorusIncarnate Forme,86.0,137.0,0.6277372262773723,1
528,Swoobat,Psychic,Flying,425,67,57,55,77,55,114,5,False,Shuppet,Gabite,Gabite,112.0,130.0,0.8615384615384616,1
529,Drilbur,Ground,None,328,60,85,40,30,45,68,5,False,Oshawott,Alakazam,Oshawott,26.0,130.0,0.2,1
530,Excadrill,Ground,Steel,508,110,135,60,50,65,88,5,False,545,Omanyte,Omanyte,40.0,136.0,0.29411764705882354,1
531,Audino,Normal,None,445,103,60,86,60,86,50,5,False,Abra,Cacnea,Cacnea,91.0,138.0,0.6594202898550725,1
532,Timburr,Fighting,None,305,75,80,55,25,35,35,5,False,Fraxure,Scatterbug,Scatterbug,71.0,120.0,0.5916666666666667,1
533,Gurdurr,Fighting,None,405,85,105,85,40,50,40,5,False,Zoroark,Metapod,Zoroark,79.0,113.0,0.6991150442477876,1
534,Conkeldurr,Fighting,None,505,105,140,95,55,65,45,5,False,Ducklett,Minun,Minun,90.0,116.0,0.7758620689655172,1
535,Tympole,Water,None,294,50,50,40,50,40,64,5,False,Altaria,DeoxysNormal Forme,DeoxysNormal Forme,90.0,128.0,0.703125,1
536,Palpitoad,Water,Ground,384,75,65,55,65,55,69,5,False,Conkeldurr,Rayquaza,Rayquaza,88.0,121.0,0.7272727272727273,1
537,Seismitoad,Water,Ground,509,105,95,75,85,75,74,5,False,Helioptile,Dusknoir,Helioptile,98.0,134.0,0.7313432835820896,1
538,Throh,Fighting,None,465,120,100,85,30,85,45,5,False,397,Dragonite,397,92.0,123.0,0.7479674796747967,1
539,Sawk,Fighting,None,465,75,125,75,30,75,85,5,False,Exeggutor,Chandelure,Chandelure,79.0,133.0,0.5939849624060151,1
540,Sewaddle,Bug,Grass,310,45,53,70,40,60,42,5,False,Pineco,Floette,Pineco,122.0,135.0,0.9037037037037037,1
541,Swadloon,Bug,Grass,380,55,63,90,50,80,42,5,False,Salamence,Sawsbuck,Sawsbuck,119.0,151.0,0.7880794701986755,1
542,Leavanny,Bug,Grass,500,75,103,80,70,80,92,5,False,Tangrowth,Kingler,Kingler,115.0,149.0,0.7718120805369127,1
543,Venipede,Bug,Poison,260,30,45,59,30,39,57,5,False,Sigilyph,Pyroar,Pyroar,85.0,131.0,0.648854961832061,1
544,Whirlipede,Bug,Poison,360,40,55,99,40,79,47,5,False,Umbreon,Seaking,Umbreon,122.0,142.0,0.8591549295774648,1
545,Scolipede,Bug,Poison,485,60,100,89,55,69,112,5,False,Pawniard,Emolga,Emolga,74.0,111.0,0.6666666666666666,1
546,Cottonee,Grass,Fairy,280,40,27,60,37,50,66,5,False,Bagon,420,420,89.0,134.0,0.664179104477612,1
547,Whimsicott,Grass,Fairy,480,60,67,85,77,75,116,5,False,Skorupi,Braviary,Braviary,79.0,118.0,0.6694915254237288,1
548,Petilil,Grass,None,280,45,35,50,70,50,30,5,False,533,Espeon,533,74.0,132.0,0.5606060606060606,1
549,Lilligant,Grass,None,480,70,60,75,110,75,90,5,False,413,Unfezant,413,118.0,134.0,0.8805970149253731,1
550,Basculin,Water,None,460,70,92,65,80,55,98,5,False,Machamp,Combusken,Combusken,110.0,117.0,0.9401709401709402,1
551,Sandile,Ground,Dark,292,50,72,35,35,35,65,5,False,460,KeldeoOrdinary Forme,KeldeoOrdinary Forme,117.0,136.0,0.8602941176470589,1
552,Krokorok,Ground,Dark,351,60,82,45,45,45,74,5,False,Luxray,8,8,111.0,118.0,0.940677966101695,1
553,Krookodile,Ground,Dark,519,95,117,80,65,70,92,5,False,Claydol,196,196,114.0,122.0,0.9344262295081968,1
554,Darumaka,Fire,None,315,70,90,45,15,45,50,5,False,Dustox,Abomasnow,Abomasnow,115.0,131.0,0.8778625954198473,1
555,DarmanitanStandard Mode,Fire,None,480,105,140,55,30,55,95,5,False,Swampert,Pichu,Swampert,51.0,111.0,0.4594594594594595,1
556,Maractus,Grass,None,461,75,86,67,106,67,60,5,False,Kecleon,Cobalion,Cobalion,,,,1
557,Dwebble,Bug,Rock,325,50,65,85,35,35,55,5,False,Ludicolo,Gogoat,Gogoat,119.0,132.0,0.9015151515151515,1
558,Crustle,Bug,Rock,475,70,95,125,65,75,45,5,False,Swalot,Noibat,Swalot,34.0,131.0,0.2595419847328244,1
559,Scraggy,Dark,Fighting,348,50,75,70,35,70,48,5,False,Lugia,Cleffa,Lugia,55.0,144.0,0.3819444444444444,1
560,Scrafty,Dark,Fighting,488,65,90,115,45,115,58,5,False,Wigglytuff,Nosepass,Nosepass,72.0,138.0,0.5217391304347826,1
561,Sigilyph,Psychic,Flying,490,72,58,80,103,80,97,5,False,Magneton,Phantump,Phantump,31.0,124.0,0.25,1
562,Yamask,Ghost,None,303,38,30,85,55,65,30,5,False,Kabuto,Swinub,Kabuto,48.0,122.0,0.39344262295081966,1
563,Cofagrigus,Ghost,None,483,58,50,145,95,105,30,5,False,Goomy,Beheeyem,Goomy,65.0,115.0,0.5652173913043478,1
564,Tirtouga,Water,Rock,355,54,78,103,53,45,22,5,False,Pupitar,Wingull,Wingull,25.0,135.0,0.18518518518518517,1
565,Carracosta,Water,Rock,495,74,108,133,83,65,32,5,False,Leavanny,Baltoy,Baltoy,69.0,133.0,0.518796992481203,1
566,Archen,Rock,Flying,401,55,112,45,74,45,70,5,False,Raichu,Spiritomb,Spiritomb,29.0,100.0,0.29,1
567,Archeops,Rock,Flying,567,75,140,65,112,65,110,5,False,Dodrio,Ariados,Dodrio,53.0,138.0,0.38405797101449274,1
568,Trubbish,Poison,None,329,50,50,62,40,62,65,5,False,Drilbur,Tropius,Drilbur,72.0,116.0,0.6206896551724138,1
569,Garbodor,Poison,None,474,80,95,82,60,82,75,5,False,476,Torterra,476,59.0,114.0,0.5175438596491229,1
570,Zorua,Dark,None,330,40,65,40,80,40,65,5,False,Vibrava,426,426,123.0,135.0,0.9111111111111111,1
571,Zoroark,Dark,None,510,60,105,60,120,60,105,5,False,Gengar,Pidgeotto,Pidgeotto,53.0,130.0,0.4076923076923077,1
572,Minccino,Normal,None,300,55,50,40,40,40,75,5,False,Tyranitar,Ariados,Tyranitar,106.0,131.0,0.8091603053435115,1
573,Cinccino,Normal,None,470,75,95,60,65,60,115,5,False,Skarmory,Machop,Machop,60.0,130.0,0.46153846153846156,1
574,Gothita,Psychic,None,290,45,30,50,55,65,45,5,False,Wartortle,Kakuna,Kakuna,113.0,127.0,0.889763779527559,1
575,Gothorita,Psychic,None,390,60,45,70,75,85,55,5,False,Exeggcute,Rayquaza,Rayquaza,42.0,117.0,0.358974358974359,1
576,Gothitelle,Psychic,None,490,70,55,95,95,110,65,5,False,Mantine,Hoothoot,Hoothoot,113.0,133.0,0.849624060150376,1
577,Solosis,Psychic,None,290,45,30,40,105,50,20,5,False,Wooper,Buizel,Buizel,5.0,128.0,0.0390625,1
578,Duosion,Psychic,None,370,65,40,50,125,60,30,5,False,Phantump,Skrelp,Phantump,9.0,132.0,0.06818181818181818,1
579,Reuniclus,Psychic,None,490,110,65,75,125,85,30,5,False,Xatu,Fennekin,Xatu,45.0,154.0,0.2922077922077922,1
580,Ducklett,Water,Flying,305,62,44,50,44,50,55,5,False,Plusle,Exeggcute,Exeggcute,60.0,124.0,0.4838709677419355,1
581,Swanna,Water,Flying,473,75,87,63,87,63,98,5,False,Servine,Staraptor,Staraptor,102.0,130.0,0.7846153846153846,1
582,Vanillite,Ice,None,305,36,50,50,65,60,44,5,False,Mesprit,Golem,Mesprit,80.0,135.0,0.5925925925925926,1
583,Vanillish,Ice,None,395,51,65,65,80,75,59,5,False,Kangaskhan,Torterra,Kangaskhan,100.0,107.0,0.9345794392523364,1
584,Vanilluxe,Ice,None,535,71,95,85,110,95,79,5,False,Seismitoad,Archen,Seismitoad,27.0,144.0,0.1875,1
585,Deerling,Normal,Grass,335,60,60,50,40,50,75,5,False,409,Dugtrio,409,44.0,131.0,0.33587786259541985,1
586,Sawsbuck,Normal,Grass,475,80,100,70,60,70,95,5,False,WormadamPlant Cloak,Wingull,Wingull,60.0,148.0,0.40540540540540543,1
587,Emolga,Electric,Flying,428,55,75,60,75,60,103,5,False,Poliwag,Vanillish,Poliwag,72.0,123.0,0.5853658536585366,1
588,Karrablast,Bug,None,315,50,75,45,40,45,60,5,False,Boldore,Exploud,Exploud,103.0,116.0,0.8879310344827587,1
589,Escavalier,Bug,Steel,495,70,135,105,60,105,20,5,False,Raikou,Quagsire,Quagsire,70.0,109.0,0.6422018348623854,1
590,Foongus,Grass,Poison,294,69,55,45,55,55,15,5,False,Lickitung,Gabite,Lickitung,103.0,133.0,0.7744360902255639,1
591,Amoonguss,Grass,Poison,464,114,85,70,85,80,30,5,False,Bellsprout,Purugly,Purugly,46.0,133.0,0.3458646616541353,1
592,Frillish,Water,Ghost,335,55,40,50,65,85,40,5,False,Nidorino,Pelipper,Pelipper,48.0,132.0,0.36363636363636365,1
593,Jellicent,Water,Ghost,480,100,60,70,85,105,60,5,False,AegislashBlade Forme,Joltik,Joltik,28.0,150.0,0.18666666666666668,1
594,Alomomola,Water,None,470,165,75,80,40,45,65,5,False,Cranidos,Feraligatr,Cranidos,25.0,118.0,0.211864406779661,1
595,Joltik,Bug,Electric,319,50,47,50,57,50,65,5,False,Baltoy,Snover,Baltoy,39.0,130.0,0.3,1
596,Galvantula,Bug,Electric,472,70,77,60,97,60,108,5,False,Noivern,Skiploom,Noivern,62.0,136.0,0.45588235294117646,1
597,Ferroseed,Grass,Steel,305,44,50,91,24,86,10,5,False,Maractus,Pupitar,Maractus,54.0,124.0,0.43548387096774194,1
598,Ferrothorn,Grass,Steel,489,74,94,131,54,116,20,5,False,Purugly,Palkia,Palkia,68.0,119.0,0.5714285714285714,1
599,Klink,Steel,None,300,40,55,70,45,60,30,5,False,Rayquaza,AegislashBlade Forme,Rayquaza,33.0,147.0,0.22448979591836735,1
600,Klang,Steel,None,440,60,80,95,70,85,50,5,False,Delcatty,Torchic,Torchic,85.0,136.0,0.625,1
601,Klinklang,Steel,None,520,60,100,115,70,85,90,5,False,Shuppet,Zapdos,Zapdos,35.0,136.0,0.25735294117647056,1
602,Tynamo,Electric,None,275,35,55,40,45,40,60,5,False,Lairon,Emolga,Emolga,26.0,123.0,0.21138211382113822,1
603,Eelektrik,Electric,None,405,65,85,70,75,70,40,5,False,Herdier,Nidoran♀,Nidoran♀,96.0,121.0,0.7933884297520661,1
604,Eelektross,Electric,None,515,85,115,80,105,80,50,5,False,Slowbro,Drapion,Drapion,37.0,132.0,0.2803030303030303,1
605,Elgyem,Psychic,None,335,55,55,55,85,55,30,5,False,Slowking,Chimchar,Slowking,26.0,99.0,0.26262626262626265,1
606,Beheeyem,Psychic,None,485,75,75,75,125,95,40,5,False,551,Phantump,551,106.0,114.0,0.9298245614035088,1
607,Litwick,Ghost,Fire,275,50,30,55,65,55,20,5,False,Swellow,354,Swellow,46.0,127.0,0.36220472440944884,1
608,Lampent,Ghost,Fire,370,60,40,60,95,60,55,5,False,Piplup,Garbodor,Piplup,104.0,117.0,0.8888888888888888,1
609,Chandelure,Ghost,Fire,520,60,55,90,145,90,80,5,False,Wooper,397,Wooper,23.0,146.0,0.15753424657534246,1
610,Axew,Dragon,None,320,46,87,60,30,40,57,5,False,Zebstrika,Elgyem,Zebstrika,91.0,127.0,0.7165354330708661,1
611,Fraxure,Dragon,None,410,66,117,70,40,50,67,5,False,Parasect,PumpkabooAverage Size,PumpkabooAverage Size,89.0,110.0,0.8090909090909091,1
612,Haxorus,Dragon,None,540,76,147,90,60,70,97,5,False,Gabite,Latias,Latias,72.0,134.0,0.5373134328358209,1
613,Cubchoo,Ice,None,305,55,70,40,60,40,40,5,False,Togekiss,Blitzle,Blitzle,65.0,113.0,0.5752212389380531,1
614,Beartic,Ice,None,485,95,110,80,70,80,50,5,False,Blastoise,Hawlucha,Hawlucha,111.0,132.0,0.8409090909090909,1
615,Cryogonal,Ice,None,485,70,50,30,95,135,105,5,False,Frogadier,Plusle,Plusle,45.0,124.0,0.3629032258064516,1
616,Shelmet,Bug,None,305,50,40,85,40,65,25,5,False,Zigzagoon,Slaking,Slaking,109.0,133.0,0.8195488721804511,1
617,Accelgor,Bug,None,495,80,70,40,100,60,145,5,False,Tentacruel,Minccino,Minccino,43.0,122.0,0.3524590163934426,1
618,Stunfisk,Ground,Electric,471,109,66,84,81,99,32,5,False,Chimchar,Ponyta,Chimchar,,,,1
619,Mienfoo,Fighting,None,350,45,85,50,55,50,65,5,False,Lillipup,Diglett,Diglett,43.0,132.0,0.32575757575757575,1
620,Mienshao,Fighting,None,510,65,125,60,95,60,105,5,False,Slaking,Swirlix,Slaking,40.0,119.0,0.33613445378151263,1
621,Druddigon,Dragon,None,485,77,120,90,60,90,48,5,False,Houndoom,Pawniard,Houndoom,32.0,109.0,0.29357798165137616,1
622,Golett,Ground,Ghost,303,59,74,50,35,50,35,5,False,Volcarona,Misdreavus,Volcarona,61.0,121.0,0.5041322314049587,1
623,Golurk,Ground,Ghost,483,89,124,80,55,80,55,5,False,Weepinbell,Stoutland,Stoutland,109.0,152.0,0.7171052631578947,1
624,Pawniard,Dark,Steel,340,45,85,70,40,40,60,5,False,Budew,Pidgeotto,Budew,27.0,126.0,0.21428571428571427,1
625,Bisharp,Dark,Steel,490,65,125,100,60,70,70,5,False,Scyther,Drifblim,Scyther,30.0,122.0,0.2459016393442623,1
626,Bouffalant,Normal,None,490,95,110,95,40,95,55,5,False,Hippowdon,Misdreavus,Hippowdon,30.0,129.0,0.23255813953488372,1
627,Rufflet,Normal,Flying,350,70,83,50,37,50,60,5,False,Charmander,Caterpie,Charmander,45.0,140.0,0.32142857142857145,1
628,Braviary,Normal,Flying,510,100,123,75,57,75,80,5,False,Exeggutor,Igglybuff,Exeggutor,66.0,118.0,0.559322033898305,1
629,Vullaby,Dark,Flying,370,70,55,75,45,65,60,5,False,Nidoking,Togekiss,Togekiss,117.0,128.0,0.9140625,1
630,Mandibuzz,Dark,Flying,510,110,65,105,55,95,80,5,False,Staryu,Ralts,Staryu,49.0,117.0,0.4188034188034188,1
631,Heatmor,Fire,None,484,85,97,66,105,66,65,5,False,306,Nidoking,306,87.0,145.0,0.6,1
632,Durant,Bug,Steel,484,58,109,112,48,48,109,5,False,Spritzee,Tympole,Tympole,66.0,131.0,0.5038167938931297,1
633,Deino,Dark,Dragon,300,52,65,50,45,50,38,5,False,Cobalion,WormadamPlant Cloak,Cobalion,100.0,113.0,0.8849557522123894,1
634,Zweilous,Dark,Dragon,420,72,85,70,65,70,58,5,False,LandorusIncarnate Forme,Bastiodon,LandorusIncarnate Forme,88.0,148.0,0.5945945945945946,1
635,Hydreigon,Dark,Dragon,600,92,105,90,125,90,98,5,False,102,Kirlia,102,115.0,131.0,0.8778625954198473,1
636,Larvesta,Bug,Fire,360,55,85,55,50,55,60,5,False,Sealeo,Piloswine,Piloswine,26.0,125.0,0.208,1
637,Volcarona,Bug,Fire,550,85,60,65,135,105,100,5,False,Nidoran♂,Caterpie,Caterpie,37.0,123.0,0.3008130081300813,1
638,Cobalion,Steel,Fighting,580,91,90,129,90,72,108,5,True,498,Swampert,498,65.0,133.0,0.48872180451127817,1
639,Terrakion,Rock,Fighting,580,91,129,90,72,90,108,5,True,Karrablast,Chatot,Karrablast,4.0,129.0,0.031007751937984496,1
640,Virizion,Grass,Fighting,580,91,90,72,90,129,108,5,True,535,Togepi,535,9.0,124.0,0.07258064516129033,1
641,TornadusIncarnate Forme,Flying,None,580,79,115,70,125,80,111,5,True,Flareon,Togepi,Flareon,18.0,120.0,0.15,1
642,ThundurusIncarnate Forme,Electric,Flying,580,79,115,70,125,80,111,5,True,Kingler,Sandshrew,Sandshrew,45.0,124.0,0.3629032258064516,1
643,Reshiram,Dragon,Fire,680,100,120,100,150,120,90,5,True,Rufflet,Wailmer,Wailmer,103.0,119.0,0.865546218487395,1
644,Zekrom,Dragon,Electric,680,100,150,120,120,100,90,5,True,Emboar,Dialga,Dialga,18.0,110.0,0.16363636363636364,1
645,LandorusIncarnate Forme,Ground,Flying,600,89,125,90,115,80,101,5,True,Ekans,Jigglypuff,Jigglypuff,55.0,126.0,0.4365079365079365,1
646,Kyurem,Dragon,Ice,660,125,130,90,130,90,95,5,True,Combusken,Meganium,Meganium,83.0,125.0,0.664,1
647,KeldeoOrdinary Forme,Water,Fighting,580,91,72,90,129,90,108,5,False,Mightyena,Mawile,Mawile,70.0,119.0,0.5882352941176471,1
648,MeloettaAria Forme,Normal,Psychic,600,100,77,77,128,128,90,5,False,Escavalier,Amoonguss,Escavalier,89.0,120.0,0.7416666666666667,1
649,Genesect,Bug,Steel,600,71,120,95,120,95,99,5,False,Solosis,393,393,91.0,114.0,0.7982456140350878,1
650,Chespin,Grass,None,313,56,61,65,48,45,38,6,False,Altaria,Sneasel,Sneasel,53.0,121.0,0.4380165289256198,1
651,Quilladin,Grass,None,405,61,78,95,56,58,57,6,False,Misdreavus,Beautifly,Misdreavus,72.0,124.0,0.5806451612903226,1
652,Chesnaught,Grass,Fighting,530,88,107,122,74,75,64,6,False,Munna,Heracross,Munna,14.0,120.0,0.11666666666666667,1
653,Fennekin,Fire,None,307,40,45,40,62,60,60,6,False,Medicham,333,Medicham,25.0,121.0,0.2066115702479339,1
654,Braixen,Fire,None,409,59,59,58,90,70,73,6,False,Tentacruel,Absol,Tentacruel,42.0,132.0,0.3181818181818182,1
655,Delphox,Fire,Psychic,534,75,69,72,114,100,104,6,False,Spinarak,Clefable,Spinarak,,,,1
656,Froakie,Water,None,314,41,56,40,62,44,71,6,False,Pinsir,Cresselia,Pinsir,68.0,132.0,0.5151515151515151,1
657,Frogadier,Water,None,405,54,63,52,83,56,97,6,False,Yanma,Pawniard,Pawniard,64.0,138.0,0.463768115942029,1
658,Greninja,Water,Dark,530,72,95,67,103,71,122,6,False,Cinccino,Purugly,Purugly,115.0,137.0,0.8394160583941606,1
659,Bunnelby,Normal,None,237,38,36,38,32,36,57,6,False,Chingling,Vullaby,Chingling,22.0,111.0,0.1981981981981982,1
660,Diggersby,Normal,Ground,423,85,56,77,50,77,78,6,False,Raikou,Golbat,Golbat,61.0,136.0,0.4485294117647059,1
661,Fletchling,Normal,Flying,278,45,50,43,40,38,62,6,False,87,Psyduck,Psyduck,12.0,113.0,0.10619469026548672,1
662,Fletchinder,Fire,Flying,382,62,73,55,56,52,84,6,False,Gothitelle,Zweilous,Zweilous,27.0,121.0,0.2231404958677686,1
663,Talonflame,Fire,Flying,499,78,81,71,74,69,126,6,False,712,Machamp,712,99.0,131.0,0.7557251908396947,1
664,Scatterbug,Bug,None,200,38,35,40,27,25,35,6,False,Hydreigon,Sceptile,Sceptile,45.0,126.0,0.35714285714285715,1
665,Spewpa,Bug,None,213,45,22,60,27,30,29,6,False,Bronzong,Gengar,Gengar,26.0,128.0,0.203125,1
666,Vivillon,Bug,Flying,411,80,52,50,90,50,89,6,False,Bronzor,Klang,Klang,34.0,111.0,0.3063063063063063,1
667,Litleo,Fire,Normal,369,62,50,58,73,54,72,6,False,Fennekin,Zorua,Zorua,21.0,159.0,0.1320754716981132,1
668,Pyroar,Fire,Normal,507,86,68,72,109,66,106,6,False,354,Smoochum,Smoochum,21.0,134.0,0.15671641791044777,1
669,Flabébé,Fairy,None,303,44,38,39,61,79,42,6,False,Bronzong,Scolipede,Scolipede,16.0,117.0,0.13675213675213677,1
670,Floette,Fairy,None,371,54,45,47,75,98,52,6,False,Fearow,798,798,57.0,135.0,0.4222222222222222,1
671,Florges,Fairy,None,552,78,65,68,112,154,75,6,False,Whirlipede,Mr. Mime,Mr. Mime,68.0,112.0,0.6071428571428571,1
672,Skiddo,Grass,None,350,66,65,48,62,57,52,6,False,336,532,532,51.0,135.0,0.37777777777777777,1
673,Gogoat,Grass,None,531,123,100,62,97,81,68,6,False,Shiftry,Ledyba,Ledyba,59.0,129.0,0.4573643410852713,1
674,Pancham,Fighting,None,348,67,82,62,46,48,43,6,False,Nuzleaf,Wynaut,Wynaut,105.0,127.0,0.8267716535433071,1
675,Pangoro,Fighting,Dark,495,95,124,78,69,71,58,6,False,Miltank,Spinda,Miltank,31.0,115.0,0.26956521739130435,1
676,Furfrou,Normal,None,472,75,80,60,65,90,102,6,False,429,Lopunny,429,48.0,129.0,0.37209302325581395,1
677,Espurr,Psychic,None,355,62,48,54,63,60,68,6,False,Cresselia,Registeel,Cresselia,119.0,148.0,0.8040540540540541,1
678,MeowsticMale,Psychic,None,466,74,48,76,83,81,104,6,False,Feraligatr,224,Feraligatr,11.0,124.0,0.08870967741935484,1
679,Honedge,Steel,Ghost,325,45,80,100,35,37,28,6,False,Poliwag,Croconaw,Poliwag,118.0,128.0,0.921875,1
680,Doublade,Steel,Ghost,448,59,110,150,45,49,35,6,False,Yveltal,Houndoom,Yveltal,29.0,144.0,0.2013888888888889,1
681,AegislashBlade Forme,Steel,Ghost,520,60,150,50,150,50,60,6,False,Froslass,Infernape,Infernape,66.0,130.0,0.5076923076923077,1
682,Spritzee,Fairy,None,341,78,52,60,63,65,23,6,False,154,Escavalier,154,121.0,131.0,0.9236641221374046,1
683,Aromatisse,Fairy,None,462,101,72,72,99,89,29,6,False,Archen,Omastar,Omastar,39.0,140.0,0.2785714285714286,1
684,Swirlix,Fairy,None,341,62,48,66,59,57,49,6,False,Golbat,Meditite,Meditite,40.0,128.0,0.3125,1
685,Slurpuff,Fairy,None,480,82,80,86,85,75,72,6,False,Jolteon,Klink,Klink,72.0,126.0,0.5714285714285714,1
686,Inkay,Dark,Psychic,288,53,54,53,37,46,45,6,False,Sharpedo,Hypno,Sharpedo,57.0,109.0,0.5229357798165137,1
687,Malamar,Dark,Psychic,482,86,92,88,68,75,73,6,False,712,Simipour,712,86.0,141.0,0.6099290780141844,1
688,Binacle,Rock,Water,306,42,52,67,39,56,50,6,False,Leavanny,Diggersby,Diggersby,48.0,119.0,0.40336134453781514,1
689,Barbaracle,Rock,Water,500,72,105,115,54,86,68,6,False,Gliscor,Mothim,Gliscor,41.0,122.0,0.3360655737704918,1
690,Skrelp,Poison,Water,320,50,60,60,60,60,30,6,False,Carvanha,Gallade,Gallade,108.0,156.0,0.6923076923076923,1
691,Dragalge,Poison,Dragon,494,65,75,90,97,123,44,6,False,Tranquill,Corphish,Tranquill,56.0,122.0,0.45901639344262296,1
692,Clauncher,Water,None,330,50,53,62,58,63,44,6,False,Venusaur,Slowking,Slowking,92.0,147.0,0.6258503401360545,1
693,Clawitzer,Water,None,500,71,73,88,120,89,59,6,False,Wartortle,Palpitoad,Palpitoad,57.0,121.0,0.47107438016528924,1
694,Helioptile,Electric,Normal,289,44,38,33,61,43,70,6,False,Rotom,Clauncher,Rotom,118.0,134.0,0.8805970149253731,1
695,Heliolisk,Electric,Normal,481,62,55,52,109,94,109,6,False,430,Tangrowth,430,34.0,124.0,0.27419354838709675,1
696,Tyrunt,Rock,Dragon,362,58,89,77,45,45,48,6,False,Gardevoir,Walrein,Gardevoir,57.0,138.0,0.41304347826086957,1
697,Tyrantrum,Rock,Dragon,521,82,121,119,69,59,71,6,False,Moltres,Elekid,Moltres,106.0,129.0,0.8217054263565892,1
698,Amaura,Rock,Ice,362,77,59,50,67,63,46,6,False,Probopass,Nidorino,Probopass,58.0,137.0,0.4233576642335766,1
699,Aurorus,Rock,Ice,521,123,77,72,99,92,58,6,False,Venomoth,Sewaddle,Sewaddle,103.0,137.0,0.7518248175182481,1
700,Sylveon,Fairy,None,525,95,65,65,110,130,60,6,False,424,Diggersby,424,117.0,128.0,0.9140625,1
701,Hawlucha,Fighting,Flying,500,78,92,75,74,63,118,6,False,232,333,232,105.0,123.0,0.8536585365853658,1
702,Dedenne,Electric,Fairy,431,67,58,57,81,67,101,6,False,Mewtwo,Hitmonlee,Mewtwo,112.0,125.0,0.896,1
703,Carbink,Rock,Fairy,500,50,50,150,50,150,50,6,False,Psyduck,Weezing,Psyduck,94.0,111.0,0.8468468468468469,1
704,Goomy,Dragon,None,300,45,50,35,55,75,40,6,False,Zoroark,Pancham,Pancham,121.0,125.0,0.968,1
705,Sliggoo,Dragon,None,452,68,75,53,83,113,60,6,False,Happiny,LandorusIncarnate Forme,LandorusIncarnate Forme,108.0,125.0,0.864,1
706,Goodra,Dragon,None,600,90,100,70,110,150,80,6,False,Ledian,Vullaby,Vullaby,99.0,115.0,0.8608695652173913,1
707,Klefki,Steel,Fairy,470,57,80,91,80,87,75,6,False,Staryu,Groudon,Groudon,91.0,125.0,0.728,1
708,Phantump,Ghost,Grass,309,43,70,48,50,60,38,6,False,Mewtwo,Prinplup,Mewtwo,100.0,154.0,0.6493506493506493,1
709,Trevenant,Ghost,Grass,474,85,110,76,65,82,56,6,False,Timburr,Tyranitar,Tyranitar,89.0,102.0,0.8725490196078431,1
710,PumpkabooAverage Size,Ghost,Grass,335,49,66,70,44,55,51,6,False,Bunnelby,Pineco,Bunnelby,112.0,131.0,0.8549618320610687,1
711,GourgeistAverage Size,Ghost,Grass,494,65,90,122,58,75,84,6,False,Zekrom,Helioptile,Zekrom,99.0,128.0,0.7734375,1
712,Bergmite,Ice,None,304,55,69,85,32,35,28,6,False,Uxie,Porygon-Z,Uxie,77.0,100.0,0.77,1
713,Avalugg,Ice,None,514,95,117,184,44,46,28,6,False,798,Fraxure,Fraxure,100.0,128.0,0.78125,1
714,Noibat,Flying,Dragon,245,40,30,35,45,40,55,6,False,Charizard,Golbat,Charizard,100.0,116.0,0.8620689655172413,1
715,Noivern,Flying,Dragon,535,85,70,80,97,80,123,6,False,Kyogre,Snubbull,Kyogre,108.0,121.0,0.8925619834710744,1
716,Xerneas,Fairy,None,680,126,131,95,131,98,99,6,True,703,Scatterbug,Scatterbug,98.0,142.0,0.6901408450704225,1
717,Yveltal,Dark,Flying,680,126,131,95,131,98,99,6,True,Pangoro,248,248,118.0,123.0,0.959349593495935,1
718,Zygarde50% Forme,Dragon,Ground,600,108,100,121,81,95,95,6,True,Carbink,Rampardos,Carbink,105.0,128.0,0.8203125,1
719,Diancie,Rock,Fairy,600,50,100,150,100,150,50,6,True,Zigzagoon,Mienfoo,Zigzagoon,26.0,148.0,0.17567567567567569,1
720,HoopaHoopa Confined,Psychic,Ghost,600,80,110,60,150,130,70,6,True,Palkia,Pelipper,Palkia,48.0,119.0,0.40336134453781514,1
721,Volcanion,Fire,Water,600,80,110,120,130,90,70,6,True,Quagsire,Bisharp,Bisharp,57.0,124.0,0.4596774193548387,1
